100,1,{(-1.72;1.2);(1;-1.2)},1056330
100,1,{(-1.72;1.2);(1;-1.2)},182
100,1,{(-1.72;1.2);(1;-1.2)},169
100,1,{(-1.72;1.2);(1;-1.2)},154
100,1,{(-0.7;0);(0.3;-1)},150
100,1,{(-0.7;0);(0.3;-1)},154
100,1,{(-0.7;0);(0.3;-1)},144
100,1,{(-0.7;0);(0.3;-1)},146
100,1,{(-0.4;-0.5);(0.1;-1)},155
100,1,{(-0.4;-0.5);(0.1;-1)},135
100,1,{(-0.4;-0.5);(0.1;-1)},136
100,1,{(-0.4;-0.5);(0.1;-1)},143
100,1,{(-0.4;-0.6);(-0.2;-0.8)},134
100,1,{(-0.4;-0.6);(-0.2;-0.8)},137
100,1,{(-0.4;-0.6);(-0.2;-0.8)},136
100,1,{(-0.4;-0.6);(-0.2;-0.8)},140
100,1,{(-0.24;-0.64);(-0.26;-0.66)},137
100,1,{(-0.24;-0.64);(-0.26;-0.66)},135
100,1,{(-0.24;-0.64);(-0.26;-0.66)},136
100,1,{(-0.24;-0.64);(-0.26;-0.66)},139
100,10,{(-1.72;1.2);(1;-1.2)},167
100,10,{(-1.72;1.2);(1;-1.2)},167
100,10,{(-1.72;1.2);(1;-1.2)},166
100,10,{(-1.72;1.2);(1;-1.2)},177
100,10,{(-0.7;0);(0.3;-1)},174
100,10,{(-0.7;0);(0.3;-1)},175
100,10,{(-0.7;0);(0.3;-1)},176
100,10,{(-0.7;0);(0.3;-1)},176
100,10,{(-0.4;-0.5);(0.1;-1)},178
100,10,{(-0.4;-0.5);(0.1;-1)},174
100,10,{(-0.4;-0.5);(0.1;-1)},174
100,10,{(-0.4;-0.5);(0.1;-1)},179
100,10,{(-0.4;-0.6);(-0.2;-0.8)},215
100,10,{(-0.4;-0.6);(-0.2;-0.8)},189
100,10,{(-0.4;-0.6);(-0.2;-0.8)},186
100,10,{(-0.4;-0.6);(-0.2;-0.8)},181
100,10,{(-0.24;-0.64);(-0.26;-0.66)},177
100,10,{(-0.24;-0.64);(-0.26;-0.66)},182
100,10,{(-0.24;-0.64);(-0.26;-0.66)},180
100,10,{(-0.24;-0.64);(-0.26;-0.66)},183
100,30,{(-1.72;1.2);(1;-1.2)},216
100,30,{(-1.72;1.2);(1;-1.2)},378
100,30,{(-1.72;1.2);(1;-1.2)},244
100,30,{(-1.72;1.2);(1;-1.2)},223
100,30,{(-0.7;0);(0.3;-1)},244
100,30,{(-0.7;0);(0.3;-1)},252
100,30,{(-0.7;0);(0.3;-1)},243
100,30,{(-0.7;0);(0.3;-1)},244
100,30,{(-0.4;-0.5);(0.1;-1)},243
100,30,{(-0.4;-0.5);(0.1;-1)},252
100,30,{(-0.4;-0.5);(0.1;-1)},235
100,30,{(-0.4;-0.5);(0.1;-1)},238
100,30,{(-0.4;-0.6);(-0.2;-0.8)},234
100,30,{(-0.4;-0.6);(-0.2;-0.8)},245
100,30,{(-0.4;-0.6);(-0.2;-0.8)},237
100,30,{(-0.4;-0.6);(-0.2;-0.8)},243
100,30,{(-0.24;-0.64);(-0.26;-0.66)},252
100,30,{(-0.24;-0.64);(-0.26;-0.66)},261
100,30,{(-0.24;-0.64);(-0.26;-0.66)},260
100,30,{(-0.24;-0.64);(-0.26;-0.66)},254
100,80,{(-1.72;1.2);(1;-1.2)},332
100,80,{(-1.72;1.2);(1;-1.2)},334
100,80,{(-1.72;1.2);(1;-1.2)},324
100,80,{(-1.72;1.2);(1;-1.2)},328
100,80,{(-0.7;0);(0.3;-1)},407
100,80,{(-0.7;0);(0.3;-1)},399
100,80,{(-0.7;0);(0.3;-1)},409
100,80,{(-0.7;0);(0.3;-1)},399
100,80,{(-0.4;-0.5);(0.1;-1)},384
100,80,{(-0.4;-0.5);(0.1;-1)},382
100,80,{(-0.4;-0.5);(0.1;-1)},384
100,80,{(-0.4;-0.5);(0.1;-1)},375
100,80,{(-0.4;-0.6);(-0.2;-0.8)},374
100,80,{(-0.4;-0.6);(-0.2;-0.8)},376
100,80,{(-0.4;-0.6);(-0.2;-0.8)},385
100,80,{(-0.4;-0.6);(-0.2;-0.8)},382
100,80,{(-0.24;-0.64);(-0.26;-0.66)},430
100,80,{(-0.24;-0.64);(-0.26;-0.66)},432
100,80,{(-0.24;-0.64);(-0.26;-0.66)},436
100,80,{(-0.24;-0.64);(-0.26;-0.66)},420
100,150,{(-1.72;1.2);(1;-1.2)},478
100,150,{(-1.72;1.2);(1;-1.2)},482
100,150,{(-1.72;1.2);(1;-1.2)},480
100,150,{(-1.72;1.2);(1;-1.2)},472
100,150,{(-0.7;0);(0.3;-1)},626
100,150,{(-0.7;0);(0.3;-1)},658
100,150,{(-0.7;0);(0.3;-1)},687
100,150,{(-0.7;0);(0.3;-1)},822
100,150,{(-0.4;-0.5);(0.1;-1)},571
100,150,{(-0.4;-0.5);(0.1;-1)},564
100,150,{(-0.4;-0.5);(0.1;-1)},581
100,150,{(-0.4;-0.5);(0.1;-1)},562
100,150,{(-0.4;-0.6);(-0.2;-0.8)},572
100,150,{(-0.4;-0.6);(-0.2;-0.8)},572
100,150,{(-0.4;-0.6);(-0.2;-0.8)},582
100,150,{(-0.4;-0.6);(-0.2;-0.8)},577
100,150,{(-0.24;-0.64);(-0.26;-0.66)},686
100,150,{(-0.24;-0.64);(-0.26;-0.66)},689
100,150,{(-0.24;-0.64);(-0.26;-0.66)},694
100,150,{(-0.24;-0.64);(-0.26;-0.66)},678
100,250,{(-1.72;1.2);(1;-1.2)},702
100,250,{(-1.72;1.2);(1;-1.2)},693
100,250,{(-1.72;1.2);(1;-1.2)},707
100,250,{(-1.72;1.2);(1;-1.2)},706
100,250,{(-0.7;0);(0.3;-1)},929
100,250,{(-0.7;0);(0.3;-1)},920
100,250,{(-0.7;0);(0.3;-1)},931
100,250,{(-0.7;0);(0.3;-1)},921
100,250,{(-0.4;-0.5);(0.1;-1)},846
100,250,{(-0.4;-0.5);(0.1;-1)},845
100,250,{(-0.4;-0.5);(0.1;-1)},899
100,250,{(-0.4;-0.5);(0.1;-1)},1905
100,250,{(-0.4;-0.6);(-0.2;-0.8)},983
100,250,{(-0.4;-0.6);(-0.2;-0.8)},877
100,250,{(-0.4;-0.6);(-0.2;-0.8)},847
100,250,{(-0.4;-0.6);(-0.2;-0.8)},872
100,250,{(-0.24;-0.64);(-0.26;-0.66)},1010
100,250,{(-0.24;-0.64);(-0.26;-0.66)},981
100,250,{(-0.24;-0.64);(-0.26;-0.66)},1014
100,250,{(-0.24;-0.64);(-0.26;-0.66)},994
100,500,{(-1.72;1.2);(1;-1.2)},1274
100,500,{(-1.72;1.2);(1;-1.2)},1234
100,500,{(-1.72;1.2);(1;-1.2)},1215
100,500,{(-1.72;1.2);(1;-1.2)},1244
100,500,{(-0.7;0);(0.3;-1)},1708
100,500,{(-0.7;0);(0.3;-1)},1943
100,500,{(-0.7;0);(0.3;-1)},1787
100,500,{(-0.7;0);(0.3;-1)},1753
100,500,{(-0.4;-0.5);(0.1;-1)},1537
100,500,{(-0.4;-0.5);(0.1;-1)},1524
100,500,{(-0.4;-0.5);(0.1;-1)},1520
100,500,{(-0.4;-0.5);(0.1;-1)},1521
100,500,{(-0.4;-0.6);(-0.2;-0.8)},1510
100,500,{(-0.4;-0.6);(-0.2;-0.8)},1507
100,500,{(-0.4;-0.6);(-0.2;-0.8)},1521
100,500,{(-0.4;-0.6);(-0.2;-0.8)},1625
100,500,{(-0.24;-0.64);(-0.26;-0.66)},1734
100,500,{(-0.24;-0.64);(-0.26;-0.66)},1601
100,500,{(-0.24;-0.64);(-0.26;-0.66)},1668
100,500,{(-0.24;-0.64);(-0.26;-0.66)},1602
100,1000,{(-1.72;1.2);(1;-1.2)},2301
100,1000,{(-1.72;1.2);(1;-1.2)},2308
100,1000,{(-1.72;1.2);(1;-1.2)},2317
100,1000,{(-1.72;1.2);(1;-1.2)},2326
100,1000,{(-0.7;0);(0.3;-1)},4358
100,1000,{(-0.7;0);(0.3;-1)},3423
100,1000,{(-0.7;0);(0.3;-1)},3337
100,1000,{(-0.7;0);(0.3;-1)},3295
100,1000,{(-0.4;-0.5);(0.1;-1)},2886
100,1000,{(-0.4;-0.5);(0.1;-1)},3125
100,1000,{(-0.4;-0.5);(0.1;-1)},2927
100,1000,{(-0.4;-0.5);(0.1;-1)},2896
100,1000,{(-0.4;-0.6);(-0.2;-0.8)},2841
100,1000,{(-0.4;-0.6);(-0.2;-0.8)},2773
100,1000,{(-0.4;-0.6);(-0.2;-0.8)},3004
100,1000,{(-0.4;-0.6);(-0.2;-0.8)},2846
100,1000,{(-0.24;-0.64);(-0.26;-0.66)},2469
100,1000,{(-0.24;-0.64);(-0.26;-0.66)},2479
100,1000,{(-0.24;-0.64);(-0.26;-0.66)},2471
100,1000,{(-0.24;-0.64);(-0.26;-0.66)},2462
100,2000,{(-1.72;1.2);(1;-1.2)},4481
100,2000,{(-1.72;1.2);(1;-1.2)},5528
100,2000,{(-1.72;1.2);(1;-1.2)},4606
100,2000,{(-1.72;1.2);(1;-1.2)},4514
100,2000,{(-0.7;0);(0.3;-1)},6621
100,2000,{(-0.7;0);(0.3;-1)},6485
100,2000,{(-0.7;0);(0.3;-1)},6417
100,2000,{(-0.7;0);(0.3;-1)},6637
100,2000,{(-0.4;-0.5);(0.1;-1)},5636
100,2000,{(-0.4;-0.5);(0.1;-1)},5534
100,2000,{(-0.4;-0.5);(0.1;-1)},6693
100,2000,{(-0.4;-0.5);(0.1;-1)},5757
100,2000,{(-0.4;-0.6);(-0.2;-0.8)},5623
100,2000,{(-0.4;-0.6);(-0.2;-0.8)},5375
100,2000,{(-0.4;-0.6);(-0.2;-0.8)},5407
100,2000,{(-0.4;-0.6);(-0.2;-0.8)},5476
100,2000,{(-0.24;-0.64);(-0.26;-0.66)},4003
100,2000,{(-0.24;-0.64);(-0.26;-0.66)},3953
100,2000,{(-0.24;-0.64);(-0.26;-0.66)},3883
100,2000,{(-0.24;-0.64);(-0.26;-0.66)},5034
100,8000,{(-1.72;1.2);(1;-1.2)},17574
100,8000,{(-1.72;1.2);(1;-1.2)},17522
100,8000,{(-1.72;1.2);(1;-1.2)},17442
100,8000,{(-1.72;1.2);(1;-1.2)},18129
100,8000,{(-0.7;0);(0.3;-1)},24532
100,8000,{(-0.7;0);(0.3;-1)},24428
100,8000,{(-0.7;0);(0.3;-1)},27158
100,8000,{(-0.7;0);(0.3;-1)},23681
100,8000,{(-0.4;-0.5);(0.1;-1)},21607
100,8000,{(-0.4;-0.5);(0.1;-1)},20968
100,8000,{(-0.4;-0.5);(0.1;-1)},20509
100,8000,{(-0.4;-0.5);(0.1;-1)},21456
100,8000,{(-0.4;-0.6);(-0.2;-0.8)},19456
100,8000,{(-0.4;-0.6);(-0.2;-0.8)},18733
100,8000,{(-0.4;-0.6);(-0.2;-0.8)},20142
100,8000,{(-0.4;-0.6);(-0.2;-0.8)},19196
100,8000,{(-0.24;-0.64);(-0.26;-0.66)},14605
100,8000,{(-0.24;-0.64);(-0.26;-0.66)},12561
100,8000,{(-0.24;-0.64);(-0.26;-0.66)},12658
100,8000,{(-0.24;-0.64);(-0.26;-0.66)},12535
200,1,{(-1.72;1.2);(1;-1.2)},295
200,1,{(-1.72;1.2);(1;-1.2)},198
200,1,{(-1.72;1.2);(1;-1.2)},180
200,1,{(-1.72;1.2);(1;-1.2)},170
200,1,{(-0.7;0);(0.3;-1)},174
200,1,{(-0.7;0);(0.3;-1)},176
200,1,{(-0.7;0);(0.3;-1)},169
200,1,{(-0.7;0);(0.3;-1)},169
200,1,{(-0.4;-0.5);(0.1;-1)},171
200,1,{(-0.4;-0.5);(0.1;-1)},176
200,1,{(-0.4;-0.5);(0.1;-1)},172
200,1,{(-0.4;-0.5);(0.1;-1)},169
200,1,{(-0.4;-0.6);(-0.2;-0.8)},175
200,1,{(-0.4;-0.6);(-0.2;-0.8)},171
200,1,{(-0.4;-0.6);(-0.2;-0.8)},171
200,1,{(-0.4;-0.6);(-0.2;-0.8)},172
200,1,{(-0.24;-0.64);(-0.26;-0.66)},175
200,1,{(-0.24;-0.64);(-0.26;-0.66)},169
200,1,{(-0.24;-0.64);(-0.26;-0.66)},174
200,1,{(-0.24;-0.64);(-0.26;-0.66)},169
200,10,{(-1.72;1.2);(1;-1.2)},251
200,10,{(-1.72;1.2);(1;-1.2)},254
200,10,{(-1.72;1.2);(1;-1.2)},256
200,10,{(-1.72;1.2);(1;-1.2)},295
200,10,{(-0.7;0);(0.3;-1)},286
200,10,{(-0.7;0);(0.3;-1)},288
200,10,{(-0.7;0);(0.3;-1)},1346
200,10,{(-0.7;0);(0.3;-1)},408
200,10,{(-0.4;-0.5);(0.1;-1)},327
200,10,{(-0.4;-0.5);(0.1;-1)},285
200,10,{(-0.4;-0.5);(0.1;-1)},286
200,10,{(-0.4;-0.5);(0.1;-1)},285
200,10,{(-0.4;-0.6);(-0.2;-0.8)},293
200,10,{(-0.4;-0.6);(-0.2;-0.8)},292
200,10,{(-0.4;-0.6);(-0.2;-0.8)},290
200,10,{(-0.4;-0.6);(-0.2;-0.8)},288
200,10,{(-0.24;-0.64);(-0.26;-0.66)},299
200,10,{(-0.24;-0.64);(-0.26;-0.66)},294
200,10,{(-0.24;-0.64);(-0.26;-0.66)},299
200,10,{(-0.24;-0.64);(-0.26;-0.66)},293
200,30,{(-1.72;1.2);(1;-1.2)},383
200,30,{(-1.72;1.2);(1;-1.2)},386
200,30,{(-1.72;1.2);(1;-1.2)},380
200,30,{(-1.72;1.2);(1;-1.2)},382
200,30,{(-0.7;0);(0.3;-1)},508
200,30,{(-0.7;0);(0.3;-1)},522
200,30,{(-0.7;0);(0.3;-1)},529
200,30,{(-0.7;0);(0.3;-1)},526
200,30,{(-0.4;-0.5);(0.1;-1)},501
200,30,{(-0.4;-0.5);(0.1;-1)},500
200,30,{(-0.4;-0.5);(0.1;-1)},508
200,30,{(-0.4;-0.5);(0.1;-1)},510
200,30,{(-0.4;-0.6);(-0.2;-0.8)},477
200,30,{(-0.4;-0.6);(-0.2;-0.8)},479
200,30,{(-0.4;-0.6);(-0.2;-0.8)},480
200,30,{(-0.4;-0.6);(-0.2;-0.8)},476
200,30,{(-0.24;-0.64);(-0.26;-0.66)},589
200,30,{(-0.24;-0.64);(-0.26;-0.66)},568
200,30,{(-0.24;-0.64);(-0.26;-0.66)},560
200,30,{(-0.24;-0.64);(-0.26;-0.66)},564
200,80,{(-1.72;1.2);(1;-1.2)},670
200,80,{(-1.72;1.2);(1;-1.2)},678
200,80,{(-1.72;1.2);(1;-1.2)},677
200,80,{(-1.72;1.2);(1;-1.2)},681
200,80,{(-0.7;0);(0.3;-1)},1032
200,80,{(-0.7;0);(0.3;-1)},1229
200,80,{(-0.7;0);(0.3;-1)},1068
200,80,{(-0.7;0);(0.3;-1)},1031
200,80,{(-0.4;-0.5);(0.1;-1)},919
200,80,{(-0.4;-0.5);(0.1;-1)},919
200,80,{(-0.4;-0.5);(0.1;-1)},934
200,80,{(-0.4;-0.5);(0.1;-1)},943
200,80,{(-0.4;-0.6);(-0.2;-0.8)},887
200,80,{(-0.4;-0.6);(-0.2;-0.8)},885
200,80,{(-0.4;-0.6);(-0.2;-0.8)},888
200,80,{(-0.4;-0.6);(-0.2;-0.8)},898
200,80,{(-0.24;-0.64);(-0.26;-0.66)},1183
200,80,{(-0.24;-0.64);(-0.26;-0.66)},1162
200,80,{(-0.24;-0.64);(-0.26;-0.66)},1149
200,80,{(-0.24;-0.64);(-0.26;-0.66)},1169
200,150,{(-1.72;1.2);(1;-1.2)},1084
200,150,{(-1.72;1.2);(1;-1.2)},1112
200,150,{(-1.72;1.2);(1;-1.2)},1246
200,150,{(-1.72;1.2);(1;-1.2)},1114
200,150,{(-0.7;0);(0.3;-1)},1772
200,150,{(-0.7;0);(0.3;-1)},1764
200,150,{(-0.7;0);(0.3;-1)},1758
200,150,{(-0.7;0);(0.3;-1)},1780
200,150,{(-0.4;-0.5);(0.1;-1)},1463
200,150,{(-0.4;-0.5);(0.1;-1)},1474
200,150,{(-0.4;-0.5);(0.1;-1)},1460
200,150,{(-0.4;-0.5);(0.1;-1)},1457
200,150,{(-0.4;-0.6);(-0.2;-0.8)},2405
200,150,{(-0.4;-0.6);(-0.2;-0.8)},1486
200,150,{(-0.4;-0.6);(-0.2;-0.8)},1453
200,150,{(-0.4;-0.6);(-0.2;-0.8)},1394
200,150,{(-0.24;-0.64);(-0.26;-0.66)},2003
200,150,{(-0.24;-0.64);(-0.26;-0.66)},1984
200,150,{(-0.24;-0.64);(-0.26;-0.66)},1997
200,150,{(-0.24;-0.64);(-0.26;-0.66)},2015
200,250,{(-1.72;1.2);(1;-1.2)},1684
200,250,{(-1.72;1.2);(1;-1.2)},1673
200,250,{(-1.72;1.2);(1;-1.2)},1680
200,250,{(-1.72;1.2);(1;-1.2)},1633
200,250,{(-0.7;0);(0.3;-1)},2821
200,250,{(-0.7;0);(0.3;-1)},2820
200,250,{(-0.7;0);(0.3;-1)},2804
200,250,{(-0.7;0);(0.3;-1)},2830
200,250,{(-0.4;-0.5);(0.1;-1)},2221
200,250,{(-0.4;-0.5);(0.1;-1)},2236
200,250,{(-0.4;-0.5);(0.1;-1)},3404
200,250,{(-0.4;-0.5);(0.1;-1)},2251
200,250,{(-0.4;-0.6);(-0.2;-0.8)},2077
200,250,{(-0.4;-0.6);(-0.2;-0.8)},2063
200,250,{(-0.4;-0.6);(-0.2;-0.8)},2049
200,250,{(-0.4;-0.6);(-0.2;-0.8)},2042
200,250,{(-0.24;-0.64);(-0.26;-0.66)},2989
200,250,{(-0.24;-0.64);(-0.26;-0.66)},2987
200,250,{(-0.24;-0.64);(-0.26;-0.66)},2979
200,250,{(-0.24;-0.64);(-0.26;-0.66)},2958
200,500,{(-1.72;1.2);(1;-1.2)},3093
200,500,{(-1.72;1.2);(1;-1.2)},3112
200,500,{(-1.72;1.2);(1;-1.2)},3088
200,500,{(-1.72;1.2);(1;-1.2)},4213
200,500,{(-0.7;0);(0.3;-1)},5481
200,500,{(-0.7;0);(0.3;-1)},5442
200,500,{(-0.7;0);(0.3;-1)},5464
200,500,{(-0.7;0);(0.3;-1)},5452
200,500,{(-0.4;-0.5);(0.1;-1)},4094
200,500,{(-0.4;-0.5);(0.1;-1)},4110
200,500,{(-0.4;-0.5);(0.1;-1)},5304
200,500,{(-0.4;-0.5);(0.1;-1)},4138
200,500,{(-0.4;-0.6);(-0.2;-0.8)},3683
200,500,{(-0.4;-0.6);(-0.2;-0.8)},3704
200,500,{(-0.4;-0.6);(-0.2;-0.8)},3689
200,500,{(-0.4;-0.6);(-0.2;-0.8)},3711
200,500,{(-0.24;-0.64);(-0.26;-0.66)},4632
200,500,{(-0.24;-0.64);(-0.26;-0.66)},4653
200,500,{(-0.24;-0.64);(-0.26;-0.66)},5859
200,500,{(-0.24;-0.64);(-0.26;-0.66)},4712
200,1000,{(-1.72;1.2);(1;-1.2)},5959
200,1000,{(-1.72;1.2);(1;-1.2)},6007
200,1000,{(-1.72;1.2);(1;-1.2)},5970
200,1000,{(-1.72;1.2);(1;-1.2)},5987
200,1000,{(-0.7;0);(0.3;-1)},11829
200,1000,{(-0.7;0);(0.3;-1)},10663
200,1000,{(-0.7;0);(0.3;-1)},10683
200,1000,{(-0.7;0);(0.3;-1)},10416
200,1000,{(-0.4;-0.5);(0.1;-1)},7764
200,1000,{(-0.4;-0.5);(0.1;-1)},8984
200,1000,{(-0.4;-0.5);(0.1;-1)},7812
200,1000,{(-0.4;-0.5);(0.1;-1)},7770
200,1000,{(-0.4;-0.6);(-0.2;-0.8)},6758
200,1000,{(-0.4;-0.6);(-0.2;-0.8)},7940
200,1000,{(-0.4;-0.6);(-0.2;-0.8)},6835
200,1000,{(-0.4;-0.6);(-0.2;-0.8)},6764
200,1000,{(-0.24;-0.64);(-0.26;-0.66)},6500
200,1000,{(-0.24;-0.64);(-0.26;-0.66)},6516
200,1000,{(-0.24;-0.64);(-0.26;-0.66)},7671
200,1000,{(-0.24;-0.64);(-0.26;-0.66)},6514
200,2000,{(-1.72;1.2);(1;-1.2)},11051
200,2000,{(-1.72;1.2);(1;-1.2)},11090
200,2000,{(-1.72;1.2);(1;-1.2)},12197
200,2000,{(-1.72;1.2);(1;-1.2)},11159
200,2000,{(-0.7;0);(0.3;-1)},19833
200,2000,{(-0.7;0);(0.3;-1)},20974
200,2000,{(-0.7;0);(0.3;-1)},19837
200,2000,{(-0.7;0);(0.3;-1)},19752
200,2000,{(-0.4;-0.5);(0.1;-1)},15807
200,2000,{(-0.4;-0.5);(0.1;-1)},14646
200,2000,{(-0.4;-0.5);(0.1;-1)},15775
200,2000,{(-0.4;-0.5);(0.1;-1)},14800
200,2000,{(-0.4;-0.6);(-0.2;-0.8)},13566
200,2000,{(-0.4;-0.6);(-0.2;-0.8)},12663
200,2000,{(-0.4;-0.6);(-0.2;-0.8)},12459
200,2000,{(-0.4;-0.6);(-0.2;-0.8)},12518
200,2000,{(-0.24;-0.64);(-0.26;-0.66)},10164
200,2000,{(-0.24;-0.64);(-0.26;-0.66)},8983
200,2000,{(-0.24;-0.64);(-0.26;-0.66)},9004
200,2000,{(-0.24;-0.64);(-0.26;-0.66)},10051
200,8000,{(-1.72;1.2);(1;-1.2)},43670
200,8000,{(-1.72;1.2);(1;-1.2)},44849
200,8000,{(-1.72;1.2);(1;-1.2)},44618
200,8000,{(-1.72;1.2);(1;-1.2)},43830
200,8000,{(-0.7;0);(0.3;-1)},79739
200,8000,{(-0.7;0);(0.3;-1)},79737
200,8000,{(-0.7;0);(0.3;-1)},78799
200,8000,{(-0.7;0);(0.3;-1)},79580
200,8000,{(-0.4;-0.5);(0.1;-1)},58439
200,8000,{(-0.4;-0.5);(0.1;-1)},57603
200,8000,{(-0.4;-0.5);(0.1;-1)},58309
200,8000,{(-0.4;-0.5);(0.1;-1)},58376
200,8000,{(-0.4;-0.6);(-0.2;-0.8)},48640
200,8000,{(-0.4;-0.6);(-0.2;-0.8)},49757
200,8000,{(-0.4;-0.6);(-0.2;-0.8)},49511
200,8000,{(-0.4;-0.6);(-0.2;-0.8)},49821
200,8000,{(-0.24;-0.64);(-0.26;-0.66)},28074
200,8000,{(-0.24;-0.64);(-0.26;-0.66)},29133
200,8000,{(-0.24;-0.64);(-0.26;-0.66)},29250
200,8000,{(-0.24;-0.64);(-0.26;-0.66)},28200
400,1,{(-1.72;1.2);(1;-1.2)},1263
400,1,{(-1.72;1.2);(1;-1.2)},404
400,1,{(-1.72;1.2);(1;-1.2)},318
400,1,{(-1.72;1.2);(1;-1.2)},291
400,1,{(-0.7;0);(0.3;-1)},296
400,1,{(-0.7;0);(0.3;-1)},292
400,1,{(-0.7;0);(0.3;-1)},293
400,1,{(-0.7;0);(0.3;-1)},298
400,1,{(-0.4;-0.5);(0.1;-1)},289
400,1,{(-0.4;-0.5);(0.1;-1)},293
400,1,{(-0.4;-0.5);(0.1;-1)},296
400,1,{(-0.4;-0.5);(0.1;-1)},293
400,1,{(-0.4;-0.6);(-0.2;-0.8)},291
400,1,{(-0.4;-0.6);(-0.2;-0.8)},285
400,1,{(-0.4;-0.6);(-0.2;-0.8)},281
400,1,{(-0.4;-0.6);(-0.2;-0.8)},288
400,1,{(-0.24;-0.64);(-0.26;-0.66)},284
400,1,{(-0.24;-0.64);(-0.26;-0.66)},283
400,1,{(-0.24;-0.64);(-0.26;-0.66)},281
400,1,{(-0.24;-0.64);(-0.26;-0.66)},286
400,10,{(-1.72;1.2);(1;-1.2)},552
400,10,{(-1.72;1.2);(1;-1.2)},579
400,10,{(-1.72;1.2);(1;-1.2)},551
400,10,{(-1.72;1.2);(1;-1.2)},549
400,10,{(-0.7;0);(0.3;-1)},692
400,10,{(-0.7;0);(0.3;-1)},691
400,10,{(-0.7;0);(0.3;-1)},693
400,10,{(-0.7;0);(0.3;-1)},697
400,10,{(-0.4;-0.5);(0.1;-1)},692
400,10,{(-0.4;-0.5);(0.1;-1)},692
400,10,{(-0.4;-0.5);(0.1;-1)},692
400,10,{(-0.4;-0.5);(0.1;-1)},699
400,10,{(-0.4;-0.6);(-0.2;-0.8)},698
400,10,{(-0.4;-0.6);(-0.2;-0.8)},711
400,10,{(-0.4;-0.6);(-0.2;-0.8)},697
400,10,{(-0.4;-0.6);(-0.2;-0.8)},702
400,10,{(-0.24;-0.64);(-0.26;-0.66)},753
400,10,{(-0.24;-0.64);(-0.26;-0.66)},759
400,10,{(-0.24;-0.64);(-0.26;-0.66)},780
400,10,{(-0.24;-0.64);(-0.26;-0.66)},757
400,30,{(-1.72;1.2);(1;-1.2)},921
400,30,{(-1.72;1.2);(1;-1.2)},920
400,30,{(-1.72;1.2);(1;-1.2)},923
400,30,{(-1.72;1.2);(1;-1.2)},956
400,30,{(-0.7;0);(0.3;-1)},1471
400,30,{(-0.7;0);(0.3;-1)},1462
400,30,{(-0.7;0);(0.3;-1)},1498
400,30,{(-0.7;0);(0.3;-1)},1483
400,30,{(-0.4;-0.5);(0.1;-1)},1330
400,30,{(-0.4;-0.5);(0.1;-1)},1361
400,30,{(-0.4;-0.5);(0.1;-1)},1357
400,30,{(-0.4;-0.5);(0.1;-1)},1355
400,30,{(-0.4;-0.6);(-0.2;-0.8)},1273
400,30,{(-0.4;-0.6);(-0.2;-0.8)},1268
400,30,{(-0.4;-0.6);(-0.2;-0.8)},1266
400,30,{(-0.4;-0.6);(-0.2;-0.8)},1261
400,30,{(-0.24;-0.64);(-0.26;-0.66)},1674
400,30,{(-0.24;-0.64);(-0.26;-0.66)},1704
400,30,{(-0.24;-0.64);(-0.26;-0.66)},1699
400,30,{(-0.24;-0.64);(-0.26;-0.66)},1714
400,80,{(-1.72;1.2);(1;-1.2)},2895
400,80,{(-1.72;1.2);(1;-1.2)},1872
400,80,{(-1.72;1.2);(1;-1.2)},1842
400,80,{(-1.72;1.2);(1;-1.2)},1826
400,80,{(-0.7;0);(0.3;-1)},3371
400,80,{(-0.7;0);(0.3;-1)},3366
400,80,{(-0.7;0);(0.3;-1)},3377
400,80,{(-0.7;0);(0.3;-1)},3394
400,80,{(-0.4;-0.5);(0.1;-1)},2822
400,80,{(-0.4;-0.5);(0.1;-1)},2785
400,80,{(-0.4;-0.5);(0.1;-1)},2757
400,80,{(-0.4;-0.5);(0.1;-1)},2806
400,80,{(-0.4;-0.6);(-0.2;-0.8)},3581
400,80,{(-0.4;-0.6);(-0.2;-0.8)},2535
400,80,{(-0.4;-0.6);(-0.2;-0.8)},2496
400,80,{(-0.4;-0.6);(-0.2;-0.8)},2497
400,80,{(-0.24;-0.64);(-0.26;-0.66)},3582
400,80,{(-0.24;-0.64);(-0.26;-0.66)},3560
400,80,{(-0.24;-0.64);(-0.26;-0.66)},3574
400,80,{(-0.24;-0.64);(-0.26;-0.66)},3634
400,150,{(-1.72;1.2);(1;-1.2)},3075
400,150,{(-1.72;1.2);(1;-1.2)},3072
400,150,{(-1.72;1.2);(1;-1.2)},3028
400,150,{(-1.72;1.2);(1;-1.2)},4142
400,150,{(-0.7;0);(0.3;-1)},5969
400,150,{(-0.7;0);(0.3;-1)},5920
400,150,{(-0.7;0);(0.3;-1)},5905
400,150,{(-0.7;0);(0.3;-1)},5921
400,150,{(-0.4;-0.5);(0.1;-1)},4628
400,150,{(-0.4;-0.5);(0.1;-1)},4627
400,150,{(-0.4;-0.5);(0.1;-1)},4623
400,150,{(-0.4;-0.5);(0.1;-1)},4627
400,150,{(-0.4;-0.6);(-0.2;-0.8)},4013
400,150,{(-0.4;-0.6);(-0.2;-0.8)},5088
400,150,{(-0.4;-0.6);(-0.2;-0.8)},4037
400,150,{(-0.4;-0.6);(-0.2;-0.8)},4004
400,150,{(-0.24;-0.64);(-0.26;-0.66)},6118
400,150,{(-0.24;-0.64);(-0.26;-0.66)},6073
400,150,{(-0.24;-0.64);(-0.26;-0.66)},6086
400,150,{(-0.24;-0.64);(-0.26;-0.66)},7167
400,250,{(-1.72;1.2);(1;-1.2)},4852
400,250,{(-1.72;1.2);(1;-1.2)},4809
400,250,{(-1.72;1.2);(1;-1.2)},4824
400,250,{(-1.72;1.2);(1;-1.2)},4802
400,250,{(-0.7;0);(0.3;-1)},9479
400,250,{(-0.7;0);(0.3;-1)},10633
400,250,{(-0.7;0);(0.3;-1)},9484
400,250,{(-0.7;0);(0.3;-1)},9841
400,250,{(-0.4;-0.5);(0.1;-1)},7175
400,250,{(-0.4;-0.5);(0.1;-1)},8225
400,250,{(-0.4;-0.5);(0.1;-1)},7191
400,250,{(-0.4;-0.5);(0.1;-1)},7145
400,250,{(-0.4;-0.6);(-0.2;-0.8)},5737
400,250,{(-0.4;-0.6);(-0.2;-0.8)},5679
400,250,{(-0.4;-0.6);(-0.2;-0.8)},5689
400,250,{(-0.4;-0.6);(-0.2;-0.8)},5689
400,250,{(-0.24;-0.64);(-0.26;-0.66)},10337
400,250,{(-0.24;-0.64);(-0.26;-0.66)},9325
400,250,{(-0.24;-0.64);(-0.26;-0.66)},9227
400,250,{(-0.24;-0.64);(-0.26;-0.66)},9239
400,500,{(-1.72;1.2);(1;-1.2)},10139
400,500,{(-1.72;1.2);(1;-1.2)},9087
400,500,{(-1.72;1.2);(1;-1.2)},9068
400,500,{(-1.72;1.2);(1;-1.2)},10206
400,500,{(-0.7;0);(0.3;-1)},18291
400,500,{(-0.7;0);(0.3;-1)},18305
400,500,{(-0.7;0);(0.3;-1)},19352
400,500,{(-0.7;0);(0.3;-1)},18266
400,500,{(-0.4;-0.5);(0.1;-1)},14429
400,500,{(-0.4;-0.5);(0.1;-1)},13387
400,500,{(-0.4;-0.5);(0.1;-1)},13344
400,500,{(-0.4;-0.5);(0.1;-1)},14422
400,500,{(-0.4;-0.6);(-0.2;-0.8)},9703
400,500,{(-0.4;-0.6);(-0.2;-0.8)},9660
400,500,{(-0.4;-0.6);(-0.2;-0.8)},9613
400,500,{(-0.4;-0.6);(-0.2;-0.8)},10758
400,500,{(-0.24;-0.64);(-0.26;-0.66)},14561
400,500,{(-0.24;-0.64);(-0.26;-0.66)},14533
400,500,{(-0.24;-0.64);(-0.26;-0.66)},15595
400,500,{(-0.24;-0.64);(-0.26;-0.66)},14569
400,1000,{(-1.72;1.2);(1;-1.2)},17636
400,1000,{(-1.72;1.2);(1;-1.2)},18642
400,1000,{(-1.72;1.2);(1;-1.2)},17525
400,1000,{(-1.72;1.2);(1;-1.2)},18642
400,1000,{(-0.7;0);(0.3;-1)},35778
400,1000,{(-0.7;0);(0.3;-1)},36842
400,1000,{(-0.7;0);(0.3;-1)},36536
400,1000,{(-0.7;0);(0.3;-1)},36832
400,1000,{(-0.4;-0.5);(0.1;-1)},25620
400,1000,{(-0.4;-0.5);(0.1;-1)},26502
400,1000,{(-0.4;-0.5);(0.1;-1)},25788
400,1000,{(-0.4;-0.5);(0.1;-1)},26390
400,1000,{(-0.4;-0.6);(-0.2;-0.8)},18565
400,1000,{(-0.4;-0.6);(-0.2;-0.8)},17618
400,1000,{(-0.4;-0.6);(-0.2;-0.8)},17523
400,1000,{(-0.4;-0.6);(-0.2;-0.8)},18612
400,1000,{(-0.24;-0.64);(-0.26;-0.66)},20459
400,1000,{(-0.24;-0.64);(-0.26;-0.66)},21497
400,1000,{(-0.24;-0.64);(-0.26;-0.66)},20499
400,1000,{(-0.24;-0.64);(-0.26;-0.66)},21477
400,2000,{(-1.72;1.2);(1;-1.2)},35569
400,2000,{(-1.72;1.2);(1;-1.2)},34573
400,2000,{(-1.72;1.2);(1;-1.2)},35851
400,2000,{(-1.72;1.2);(1;-1.2)},35439
400,2000,{(-0.7;0);(0.3;-1)},70674
400,2000,{(-0.7;0);(0.3;-1)},71459
400,2000,{(-0.7;0);(0.3;-1)},71681
400,2000,{(-0.7;0);(0.3;-1)},70704
400,2000,{(-0.4;-0.5);(0.1;-1)},51042
400,2000,{(-0.4;-0.5);(0.1;-1)},51169
400,2000,{(-0.4;-0.5);(0.1;-1)},50460
400,2000,{(-0.4;-0.5);(0.1;-1)},51020
400,2000,{(-0.4;-0.6);(-0.2;-0.8)},33877
400,2000,{(-0.4;-0.6);(-0.2;-0.8)},32797
400,2000,{(-0.4;-0.6);(-0.2;-0.8)},33525
400,2000,{(-0.4;-0.6);(-0.2;-0.8)},33791
400,2000,{(-0.24;-0.64);(-0.26;-0.66)},29591
400,2000,{(-0.24;-0.64);(-0.26;-0.66)},30392
400,2000,{(-0.24;-0.64);(-0.26;-0.66)},30587
400,2000,{(-0.24;-0.64);(-0.26;-0.66)},29660
400,8000,{(-1.72;1.2);(1;-1.2)},137455
400,8000,{(-1.72;1.2);(1;-1.2)},137749
400,8000,{(-1.72;1.2);(1;-1.2)},136616
400,8000,{(-1.72;1.2);(1;-1.2)},137403
400,8000,{(-0.7;0);(0.3;-1)},280814
400,8000,{(-0.7;0);(0.3;-1)},279894
400,8000,{(-0.7;0);(0.3;-1)},280555
400,8000,{(-0.7;0);(0.3;-1)},280204
400,8000,{(-0.4;-0.5);(0.1;-1)},197830
400,8000,{(-0.4;-0.5);(0.1;-1)},198560
400,8000,{(-0.4;-0.5);(0.1;-1)},197863
400,8000,{(-0.4;-0.5);(0.1;-1)},197657
400,8000,{(-0.4;-0.6);(-0.2;-0.8)},123616
400,8000,{(-0.4;-0.6);(-0.2;-0.8)},123066
400,8000,{(-0.4;-0.6);(-0.2;-0.8)},122877
400,8000,{(-0.4;-0.6);(-0.2;-0.8)},123601
400,8000,{(-0.24;-0.64);(-0.26;-0.66)},79814
400,8000,{(-0.24;-0.64);(-0.26;-0.66)},78839
400,8000,{(-0.24;-0.64);(-0.26;-0.66)},80014
400,8000,{(-0.24;-0.64);(-0.26;-0.66)},79100
800,1,{(-1.72;1.2);(1;-1.2)},1019
800,1,{(-1.72;1.2);(1;-1.2)},2163
800,1,{(-1.72;1.2);(1;-1.2)},872
800,1,{(-1.72;1.2);(1;-1.2)},826
800,1,{(-0.7;0);(0.3;-1)},808
800,1,{(-0.7;0);(0.3;-1)},782
800,1,{(-0.7;0);(0.3;-1)},772
800,1,{(-0.7;0);(0.3;-1)},770
800,1,{(-0.4;-0.5);(0.1;-1)},774
800,1,{(-0.4;-0.5);(0.1;-1)},777
800,1,{(-0.4;-0.5);(0.1;-1)},788
800,1,{(-0.4;-0.5);(0.1;-1)},763
800,1,{(-0.4;-0.6);(-0.2;-0.8)},776
800,1,{(-0.4;-0.6);(-0.2;-0.8)},768
800,1,{(-0.4;-0.6);(-0.2;-0.8)},769
800,1,{(-0.4;-0.6);(-0.2;-0.8)},768
800,1,{(-0.24;-0.64);(-0.26;-0.66)},769
800,1,{(-0.24;-0.64);(-0.26;-0.66)},777
800,1,{(-0.24;-0.64);(-0.26;-0.66)},788
800,1,{(-0.24;-0.64);(-0.26;-0.66)},797
800,10,{(-1.72;1.2);(1;-1.2)},3105
800,10,{(-1.72;1.2);(1;-1.2)},1799
800,10,{(-1.72;1.2);(1;-1.2)},1789
800,10,{(-1.72;1.2);(1;-1.2)},1776
800,10,{(-0.7;0);(0.3;-1)},2411
800,10,{(-0.7;0);(0.3;-1)},2397
800,10,{(-0.7;0);(0.3;-1)},2389
800,10,{(-0.7;0);(0.3;-1)},2424
800,10,{(-0.4;-0.5);(0.1;-1)},2384
800,10,{(-0.4;-0.5);(0.1;-1)},2365
800,10,{(-0.4;-0.5);(0.1;-1)},2399
800,10,{(-0.4;-0.5);(0.1;-1)},2401
800,10,{(-0.4;-0.6);(-0.2;-0.8)},2436
800,10,{(-0.4;-0.6);(-0.2;-0.8)},2433
800,10,{(-0.4;-0.6);(-0.2;-0.8)},2470
800,10,{(-0.4;-0.6);(-0.2;-0.8)},2418
800,10,{(-0.24;-0.64);(-0.26;-0.66)},2616
800,10,{(-0.24;-0.64);(-0.26;-0.66)},2641
800,10,{(-0.24;-0.64);(-0.26;-0.66)},2642
800,10,{(-0.24;-0.64);(-0.26;-0.66)},2641
800,30,{(-1.72;1.2);(1;-1.2)},3151
800,30,{(-1.72;1.2);(1;-1.2)},3189
800,30,{(-1.72;1.2);(1;-1.2)},3907
800,30,{(-1.72;1.2);(1;-1.2)},3188
800,30,{(-0.7;0);(0.3;-1)},5342
800,30,{(-0.7;0);(0.3;-1)},5409
800,30,{(-0.7;0);(0.3;-1)},5337
800,30,{(-0.7;0);(0.3;-1)},5360
800,30,{(-0.4;-0.5);(0.1;-1)},4849
800,30,{(-0.4;-0.5);(0.1;-1)},5552
800,30,{(-0.4;-0.5);(0.1;-1)},4841
800,30,{(-0.4;-0.5);(0.1;-1)},4789
800,30,{(-0.4;-0.6);(-0.2;-0.8)},4489
800,30,{(-0.4;-0.6);(-0.2;-0.8)},4465
800,30,{(-0.4;-0.6);(-0.2;-0.8)},4437
800,30,{(-0.4;-0.6);(-0.2;-0.8)},4542
800,30,{(-0.24;-0.64);(-0.26;-0.66)},6958
800,30,{(-0.24;-0.64);(-0.26;-0.66)},6298
800,30,{(-0.24;-0.64);(-0.26;-0.66)},6247
800,30,{(-0.24;-0.64);(-0.26;-0.66)},6295
800,80,{(-1.72;1.2);(1;-1.2)},6250
800,80,{(-1.72;1.2);(1;-1.2)},6290
800,80,{(-1.72;1.2);(1;-1.2)},6964
800,80,{(-1.72;1.2);(1;-1.2)},6270
800,80,{(-0.7;0);(0.3;-1)},12448
800,80,{(-0.7;0);(0.3;-1)},12448
800,80,{(-0.7;0);(0.3;-1)},13540
800,80,{(-0.7;0);(0.3;-1)},12466
800,80,{(-0.4;-0.5);(0.1;-1)},10158
800,80,{(-0.4;-0.5);(0.1;-1)},10220
800,80,{(-0.4;-0.5);(0.1;-1)},10895
800,80,{(-0.4;-0.5);(0.1;-1)},10248
800,80,{(-0.4;-0.6);(-0.2;-0.8)},8785
800,80,{(-0.4;-0.6);(-0.2;-0.8)},9446
800,80,{(-0.4;-0.6);(-0.2;-0.8)},8732
800,80,{(-0.4;-0.6);(-0.2;-0.8)},8712
800,80,{(-0.24;-0.64);(-0.26;-0.66)},13046
800,80,{(-0.24;-0.64);(-0.26;-0.66)},13676
800,80,{(-0.24;-0.64);(-0.26;-0.66)},13341
800,80,{(-0.24;-0.64);(-0.26;-0.66)},15672
800,150,{(-1.72;1.2);(1;-1.2)},11456
800,150,{(-1.72;1.2);(1;-1.2)},13034
800,150,{(-1.72;1.2);(1;-1.2)},10804
800,150,{(-1.72;1.2);(1;-1.2)},12394
800,150,{(-0.7;0);(0.3;-1)},23620
800,150,{(-0.7;0);(0.3;-1)},23819
800,150,{(-0.7;0);(0.3;-1)},23733
800,150,{(-0.7;0);(0.3;-1)},23314
800,150,{(-0.4;-0.5);(0.1;-1)},20169
800,150,{(-0.4;-0.5);(0.1;-1)},18037
800,150,{(-0.4;-0.5);(0.1;-1)},17305
800,150,{(-0.4;-0.5);(0.1;-1)},19016
800,150,{(-0.4;-0.6);(-0.2;-0.8)},15349
800,150,{(-0.4;-0.6);(-0.2;-0.8)},13936
800,150,{(-0.4;-0.6);(-0.2;-0.8)},15651
800,150,{(-0.4;-0.6);(-0.2;-0.8)},15197
800,150,{(-0.24;-0.64);(-0.26;-0.66)},23989
800,150,{(-0.24;-0.64);(-0.26;-0.66)},23393
800,150,{(-0.24;-0.64);(-0.26;-0.66)},23980
800,150,{(-0.24;-0.64);(-0.26;-0.66)},23275
800,250,{(-1.72;1.2);(1;-1.2)},18405
800,250,{(-1.72;1.2);(1;-1.2)},17748
800,250,{(-1.72;1.2);(1;-1.2)},18357
800,250,{(-1.72;1.2);(1;-1.2)},17700
800,250,{(-0.7;0);(0.3;-1)},37606
800,250,{(-0.7;0);(0.3;-1)},37042
800,250,{(-0.7;0);(0.3;-1)},37559
800,250,{(-0.7;0);(0.3;-1)},36907
800,250,{(-0.4;-0.5);(0.1;-1)},28839
800,250,{(-0.4;-0.5);(0.1;-1)},27919
800,250,{(-0.4;-0.5);(0.1;-1)},28825
800,250,{(-0.4;-0.5);(0.1;-1)},27985
800,250,{(-0.4;-0.6);(-0.2;-0.8)},22041
800,250,{(-0.4;-0.6);(-0.2;-0.8)},21367
800,250,{(-0.4;-0.6);(-0.2;-0.8)},22050
800,250,{(-0.4;-0.6);(-0.2;-0.8)},21211
800,250,{(-0.24;-0.64);(-0.26;-0.66)},35483
800,250,{(-0.24;-0.64);(-0.26;-0.66)},34693
800,250,{(-0.24;-0.64);(-0.26;-0.66)},35415
800,250,{(-0.24;-0.64);(-0.26;-0.66)},34834
800,500,{(-1.72;1.2);(1;-1.2)},32836
800,500,{(-1.72;1.2);(1;-1.2)},32276
800,500,{(-1.72;1.2);(1;-1.2)},33328
800,500,{(-1.72;1.2);(1;-1.2)},32262
800,500,{(-0.7;0);(0.3;-1)},70854
800,500,{(-0.7;0);(0.3;-1)},70352
800,500,{(-0.7;0);(0.3;-1)},71314
800,500,{(-0.7;0);(0.3;-1)},70383
800,500,{(-0.4;-0.5);(0.1;-1)},49652
800,500,{(-0.4;-0.5);(0.1;-1)},51570
800,500,{(-0.4;-0.5);(0.1;-1)},51053
800,500,{(-0.4;-0.5);(0.1;-1)},49845
800,500,{(-0.4;-0.6);(-0.2;-0.8)},33750
800,500,{(-0.4;-0.6);(-0.2;-0.8)},35538
800,500,{(-0.4;-0.6);(-0.2;-0.8)},35043
800,500,{(-0.4;-0.6);(-0.2;-0.8)},33688
800,500,{(-0.24;-0.64);(-0.26;-0.66)},53367
800,500,{(-0.24;-0.64);(-0.26;-0.66)},53008
800,500,{(-0.24;-0.64);(-0.26;-0.66)},56051
800,500,{(-0.24;-0.64);(-0.26;-0.66)},54678
800,1000,{(-1.72;1.2);(1;-1.2)},60156
800,1000,{(-1.72;1.2);(1;-1.2)},59962
800,1000,{(-1.72;1.2);(1;-1.2)},62976
800,1000,{(-1.72;1.2);(1;-1.2)},60359
800,1000,{(-0.7;0);(0.3;-1)},135878
800,1000,{(-0.7;0);(0.3;-1)},138568
800,1000,{(-0.7;0);(0.3;-1)},136238
800,1000,{(-0.7;0);(0.3;-1)},135855
800,1000,{(-0.4;-0.5);(0.1;-1)},97761
800,1000,{(-0.4;-0.5);(0.1;-1)},95579
800,1000,{(-0.4;-0.5);(0.1;-1)},96842
800,1000,{(-0.4;-0.5);(0.1;-1)},96448
800,1000,{(-0.4;-0.6);(-0.2;-0.8)},61120
800,1000,{(-0.4;-0.6);(-0.2;-0.8)},61622
800,1000,{(-0.4;-0.6);(-0.2;-0.8)},60577
800,1000,{(-0.4;-0.6);(-0.2;-0.8)},59801
800,1000,{(-0.24;-0.64);(-0.26;-0.66)},77359
800,1000,{(-0.24;-0.64);(-0.26;-0.66)},76403
800,1000,{(-0.24;-0.64);(-0.26;-0.66)},75172
800,1000,{(-0.24;-0.64);(-0.26;-0.66)},74988
800,2000,{(-1.72;1.2);(1;-1.2)},120987
800,2000,{(-1.72;1.2);(1;-1.2)},118419
800,2000,{(-1.72;1.2);(1;-1.2)},118581
800,2000,{(-1.72;1.2);(1;-1.2)},118155
800,2000,{(-0.7;0);(0.3;-1)},270791
800,2000,{(-0.7;0);(0.3;-1)},270314
800,2000,{(-0.7;0);(0.3;-1)},271205
800,2000,{(-0.7;0);(0.3;-1)},270212
800,2000,{(-0.4;-0.5);(0.1;-1)},186554
800,2000,{(-0.4;-0.5);(0.1;-1)},188004
800,2000,{(-0.4;-0.5);(0.1;-1)},187782
800,2000,{(-0.4;-0.5);(0.1;-1)},187284
800,2000,{(-0.4;-0.6);(-0.2;-0.8)},111405
800,2000,{(-0.4;-0.6);(-0.2;-0.8)},109331
800,2000,{(-0.4;-0.6);(-0.2;-0.8)},111226
800,2000,{(-0.4;-0.6);(-0.2;-0.8)},111232
800,2000,{(-0.24;-0.64);(-0.26;-0.66)},106142
800,2000,{(-0.24;-0.64);(-0.26;-0.66)},106586
800,2000,{(-0.24;-0.64);(-0.26;-0.66)},104788
800,2000,{(-0.24;-0.64);(-0.26;-0.66)},106062
800,8000,{(-1.72;1.2);(1;-1.2)},468900
800,8000,{(-1.72;1.2);(1;-1.2)},468605
800,8000,{(-1.72;1.2);(1;-1.2)},466959
800,8000,{(-1.72;1.2);(1;-1.2)},467068
800,8000,{(-0.7;0);(0.3;-1)},1066553
800,8000,{(-0.7;0);(0.3;-1)},1069482
800,8000,{(-0.7;0);(0.3;-1)},1068800
800,8000,{(-0.7;0);(0.3;-1)},1067143
800,8000,{(-0.4;-0.5);(0.1;-1)},729707
800,8000,{(-0.4;-0.5);(0.1;-1)},730599
800,8000,{(-0.4;-0.5);(0.1;-1)},730225
800,8000,{(-0.4;-0.5);(0.1;-1)},729431
800,8000,{(-0.4;-0.6);(-0.2;-0.8)},408695
800,8000,{(-0.4;-0.6);(-0.2;-0.8)},408366
800,8000,{(-0.4;-0.6);(-0.2;-0.8)},407231
800,8000,{(-0.4;-0.6);(-0.2;-0.8)},409521
800,8000,{(-0.24;-0.64);(-0.26;-0.66)},264115
800,8000,{(-0.24;-0.64);(-0.26;-0.66)},264321
800,8000,{(-0.24;-0.64);(-0.26;-0.66)},262931
800,8000,{(-0.24;-0.64);(-0.26;-0.66)},265750
1200,1,{(-1.72;1.2);(1;-1.2)},2542
1200,1,{(-1.72;1.2);(1;-1.2)},1704
1200,1,{(-1.72;1.2);(1;-1.2)},1683
1200,1,{(-1.72;1.2);(1;-1.2)},1591
1200,1,{(-0.7;0);(0.3;-1)},1523
1200,1,{(-0.7;0);(0.3;-1)},1507
1200,1,{(-0.7;0);(0.3;-1)},1533
1200,1,{(-0.7;0);(0.3;-1)},1520
1200,1,{(-0.4;-0.5);(0.1;-1)},1570
1200,1,{(-0.4;-0.5);(0.1;-1)},1573
1200,1,{(-0.4;-0.5);(0.1;-1)},1559
1200,1,{(-0.4;-0.5);(0.1;-1)},1530
1200,1,{(-0.4;-0.6);(-0.2;-0.8)},1611
1200,1,{(-0.4;-0.6);(-0.2;-0.8)},4235
1200,1,{(-0.4;-0.6);(-0.2;-0.8)},1670
1200,1,{(-0.4;-0.6);(-0.2;-0.8)},1805
1200,1,{(-0.24;-0.64);(-0.26;-0.66)},1512
1200,1,{(-0.24;-0.64);(-0.26;-0.66)},1519
1200,1,{(-0.24;-0.64);(-0.26;-0.66)},1534
1200,1,{(-0.24;-0.64);(-0.26;-0.66)},1543
1200,10,{(-1.72;1.2);(1;-1.2)},3696
1200,10,{(-1.72;1.2);(1;-1.2)},3724
1200,10,{(-1.72;1.2);(1;-1.2)},3736
1200,10,{(-1.72;1.2);(1;-1.2)},3697
1200,10,{(-0.7;0);(0.3;-1)},5197
1200,10,{(-0.7;0);(0.3;-1)},5130
1200,10,{(-0.7;0);(0.3;-1)},5125
1200,10,{(-0.7;0);(0.3;-1)},5162
1200,10,{(-0.4;-0.5);(0.1;-1)},5137
1200,10,{(-0.4;-0.5);(0.1;-1)},6584
1200,10,{(-0.4;-0.5);(0.1;-1)},6114
1200,10,{(-0.4;-0.5);(0.1;-1)},5207
1200,10,{(-0.4;-0.6);(-0.2;-0.8)},5337
1200,10,{(-0.4;-0.6);(-0.2;-0.8)},5224
1200,10,{(-0.4;-0.6);(-0.2;-0.8)},5405
1200,10,{(-0.4;-0.6);(-0.2;-0.8)},6763
1200,10,{(-0.24;-0.64);(-0.26;-0.66)},6662
1200,10,{(-0.24;-0.64);(-0.26;-0.66)},7968
1200,10,{(-0.24;-0.64);(-0.26;-0.66)},5971
1200,10,{(-0.24;-0.64);(-0.26;-0.66)},8677
1200,30,{(-1.72;1.2);(1;-1.2)},6598
1200,30,{(-1.72;1.2);(1;-1.2)},6661
1200,30,{(-1.72;1.2);(1;-1.2)},10643
1200,30,{(-1.72;1.2);(1;-1.2)},7242
1200,30,{(-0.7;0);(0.3;-1)},11751
1200,30,{(-0.7;0);(0.3;-1)},11689
1200,30,{(-0.7;0);(0.3;-1)},14570
1200,30,{(-0.7;0);(0.3;-1)},12939
1200,30,{(-0.4;-0.5);(0.1;-1)},10592
1200,30,{(-0.4;-0.5);(0.1;-1)},10604
1200,30,{(-0.4;-0.5);(0.1;-1)},12874
1200,30,{(-0.4;-0.5);(0.1;-1)},11266
1200,30,{(-0.4;-0.6);(-0.2;-0.8)},11168
1200,30,{(-0.4;-0.6);(-0.2;-0.8)},9691
1200,30,{(-0.4;-0.6);(-0.2;-0.8)},9661
1200,30,{(-0.4;-0.6);(-0.2;-0.8)},9711
1200,30,{(-0.24;-0.64);(-0.26;-0.66)},14217
1200,30,{(-0.24;-0.64);(-0.26;-0.66)},13871
1200,30,{(-0.24;-0.64);(-0.26;-0.66)},13863
1200,30,{(-0.24;-0.64);(-0.26;-0.66)},14836
1200,80,{(-1.72;1.2);(1;-1.2)},13153
1200,80,{(-1.72;1.2);(1;-1.2)},13196
1200,80,{(-1.72;1.2);(1;-1.2)},13426
1200,80,{(-1.72;1.2);(1;-1.2)},13265
1200,80,{(-0.7;0);(0.3;-1)},27619
1200,80,{(-0.7;0);(0.3;-1)},27336
1200,80,{(-0.7;0);(0.3;-1)},27621
1200,80,{(-0.7;0);(0.3;-1)},27357
1200,80,{(-0.4;-0.5);(0.1;-1)},22384
1200,80,{(-0.4;-0.5);(0.1;-1)},22087
1200,80,{(-0.4;-0.5);(0.1;-1)},22389
1200,80,{(-0.4;-0.5);(0.1;-1)},22162
1200,80,{(-0.4;-0.6);(-0.2;-0.8)},19256
1200,80,{(-0.4;-0.6);(-0.2;-0.8)},18898
1200,80,{(-0.4;-0.6);(-0.2;-0.8)},18955
1200,80,{(-0.4;-0.6);(-0.2;-0.8)},19087
1200,80,{(-0.24;-0.64);(-0.26;-0.66)},28274
1200,80,{(-0.24;-0.64);(-0.26;-0.66)},28455
1200,80,{(-0.24;-0.64);(-0.26;-0.66)},28738
1200,80,{(-0.24;-0.64);(-0.26;-0.66)},28383
1200,150,{(-1.72;1.2);(1;-1.2)},22331
1200,150,{(-1.72;1.2);(1;-1.2)},22045
1200,150,{(-1.72;1.2);(1;-1.2)},22259
1200,150,{(-1.72;1.2);(1;-1.2)},21995
1200,150,{(-0.7;0);(0.3;-1)},48538
1200,150,{(-0.7;0);(0.3;-1)},48730
1200,150,{(-0.7;0);(0.3;-1)},48820
1200,150,{(-0.7;0);(0.3;-1)},48576
1200,150,{(-0.4;-0.5);(0.1;-1)},37307
1200,150,{(-0.4;-0.5);(0.1;-1)},37529
1200,150,{(-0.4;-0.5);(0.1;-1)},37178
1200,150,{(-0.4;-0.5);(0.1;-1)},37579
1200,150,{(-0.4;-0.6);(-0.2;-0.8)},30645
1200,150,{(-0.4;-0.6);(-0.2;-0.8)},30523
1200,150,{(-0.4;-0.6);(-0.2;-0.8)},30281
1200,150,{(-0.4;-0.6);(-0.2;-0.8)},30489
1200,150,{(-0.24;-0.64);(-0.26;-0.66)},47522
1200,150,{(-0.24;-0.64);(-0.26;-0.66)},47780
1200,150,{(-0.24;-0.64);(-0.26;-0.66)},47855
1200,150,{(-0.24;-0.64);(-0.26;-0.66)},47878
1200,250,{(-1.72;1.2);(1;-1.2)},35087
1200,250,{(-1.72;1.2);(1;-1.2)},34549
1200,250,{(-1.72;1.2);(1;-1.2)},35126
1200,250,{(-1.72;1.2);(1;-1.2)},34885
1200,250,{(-0.7;0);(0.3;-1)},78526
1200,250,{(-0.7;0);(0.3;-1)},78881
1200,250,{(-0.7;0);(0.3;-1)},78923
1200,250,{(-0.7;0);(0.3;-1)},79015
1200,250,{(-0.4;-0.5);(0.1;-1)},58497
1200,250,{(-0.4;-0.5);(0.1;-1)},58363
1200,250,{(-0.4;-0.5);(0.1;-1)},58364
1200,250,{(-0.4;-0.5);(0.1;-1)},58372
1200,250,{(-0.4;-0.6);(-0.2;-0.8)},44444
1200,250,{(-0.4;-0.6);(-0.2;-0.8)},44271
1200,250,{(-0.4;-0.6);(-0.2;-0.8)},44401
1200,250,{(-0.4;-0.6);(-0.2;-0.8)},44365
1200,250,{(-0.24;-0.64);(-0.26;-0.66)},72118
1200,250,{(-0.24;-0.64);(-0.26;-0.66)},72008
1200,250,{(-0.24;-0.64);(-0.26;-0.66)},71867
1200,250,{(-0.24;-0.64);(-0.26;-0.66)},74905
1200,500,{(-1.72;1.2);(1;-1.2)},68345
1200,500,{(-1.72;1.2);(1;-1.2)},69527
1200,500,{(-1.72;1.2);(1;-1.2)},66850
1200,500,{(-1.72;1.2);(1;-1.2)},67887
1200,500,{(-0.7;0);(0.3;-1)},153764
1200,500,{(-0.7;0);(0.3;-1)},154675
1200,500,{(-0.7;0);(0.3;-1)},154057
1200,500,{(-0.7;0);(0.3;-1)},153180
1200,500,{(-0.4;-0.5);(0.1;-1)},112448
1200,500,{(-0.4;-0.5);(0.1;-1)},110625
1200,500,{(-0.4;-0.5);(0.1;-1)},110147
1200,500,{(-0.4;-0.5);(0.1;-1)},110686
1200,500,{(-0.4;-0.6);(-0.2;-0.8)},75447
1200,500,{(-0.4;-0.6);(-0.2;-0.8)},74587
1200,500,{(-0.4;-0.6);(-0.2;-0.8)},75638
1200,500,{(-0.4;-0.6);(-0.2;-0.8)},76495
1200,500,{(-0.24;-0.64);(-0.26;-0.66)},113835
1200,500,{(-0.24;-0.64);(-0.26;-0.66)},113447
1200,500,{(-0.24;-0.64);(-0.26;-0.66)},113251
1200,500,{(-0.24;-0.64);(-0.26;-0.66)},116019
1200,1000,{(-1.72;1.2);(1;-1.2)},129118
1200,1000,{(-1.72;1.2);(1;-1.2)},127778
1200,1000,{(-1.72;1.2);(1;-1.2)},127663
1200,1000,{(-1.72;1.2);(1;-1.2)},129933
1200,1000,{(-0.7;0);(0.3;-1)},302805
1200,1000,{(-0.7;0);(0.3;-1)},301238
1200,1000,{(-0.7;0);(0.3;-1)},301498
1200,1000,{(-0.7;0);(0.3;-1)},301331
1200,1000,{(-0.4;-0.5);(0.1;-1)},211534
1200,1000,{(-0.4;-0.5);(0.1;-1)},210186
1200,1000,{(-0.4;-0.5);(0.1;-1)},209357
1200,1000,{(-0.4;-0.5);(0.1;-1)},211452
1200,1000,{(-0.4;-0.6);(-0.2;-0.8)},131908
1200,1000,{(-0.4;-0.6);(-0.2;-0.8)},130862
1200,1000,{(-0.4;-0.6);(-0.2;-0.8)},131766
1200,1000,{(-0.4;-0.6);(-0.2;-0.8)},131863
1200,1000,{(-0.24;-0.64);(-0.26;-0.66)},161099
1200,1000,{(-0.24;-0.64);(-0.26;-0.66)},162284
1200,1000,{(-0.24;-0.64);(-0.26;-0.66)},161065
1200,1000,{(-0.24;-0.64);(-0.26;-0.66)},161632
1200,2000,{(-1.72;1.2);(1;-1.2)},252661
1200,2000,{(-1.72;1.2);(1;-1.2)},251544
1200,2000,{(-1.72;1.2);(1;-1.2)},252391
1200,2000,{(-1.72;1.2);(1;-1.2)},252606
1200,2000,{(-0.7;0);(0.3;-1)},598130
1200,2000,{(-0.7;0);(0.3;-1)},598187
1200,2000,{(-0.7;0);(0.3;-1)},598506
1200,2000,{(-0.7;0);(0.3;-1)},598476
1200,2000,{(-0.4;-0.5);(0.1;-1)},408798
1200,2000,{(-0.4;-0.5);(0.1;-1)},408860
1200,2000,{(-0.4;-0.5);(0.1;-1)},409858
1200,2000,{(-0.4;-0.5);(0.1;-1)},408767
1200,2000,{(-0.4;-0.6);(-0.2;-0.8)},240346
1200,2000,{(-0.4;-0.6);(-0.2;-0.8)},240152
1200,2000,{(-0.4;-0.6);(-0.2;-0.8)},239733
1200,2000,{(-0.4;-0.6);(-0.2;-0.8)},240250
1200,2000,{(-0.24;-0.64);(-0.26;-0.66)},225737
1200,2000,{(-0.24;-0.64);(-0.26;-0.66)},225697
1200,2000,{(-0.24;-0.64);(-0.26;-0.66)},225245
1200,2000,{(-0.24;-0.64);(-0.26;-0.66)},225549
1200,8000,{(-1.72;1.2);(1;-1.2)},994790
1200,8000,{(-1.72;1.2);(1;-1.2)},994562
1200,8000,{(-1.72;1.2);(1;-1.2)},994539
1200,8000,{(-1.72;1.2);(1;-1.2)},994577
1200,8000,{(-0.7;0);(0.3;-1)},2373426
1200,8000,{(-0.7;0);(0.3;-1)},2373310
1200,8000,{(-0.7;0);(0.3;-1)},2373986
1200,8000,{(-0.7;0);(0.3;-1)},2373574
1200,8000,{(-0.4;-0.5);(0.1;-1)},1604598
1200,8000,{(-0.4;-0.5);(0.1;-1)},1605048
1200,8000,{(-0.4;-0.5);(0.1;-1)},1604501
1200,8000,{(-0.4;-0.5);(0.1;-1)},1604632
1200,8000,{(-0.4;-0.6);(-0.2;-0.8)},878700
1200,8000,{(-0.4;-0.6);(-0.2;-0.8)},878956
1200,8000,{(-0.4;-0.6);(-0.2;-0.8)},878989
1200,8000,{(-0.4;-0.6);(-0.2;-0.8)},879104
1200,8000,{(-0.24;-0.64);(-0.26;-0.66)},556781
1200,8000,{(-0.24;-0.64);(-0.26;-0.66)},556676
1200,8000,{(-0.24;-0.64);(-0.26;-0.66)},556211
1200,8000,{(-0.24;-0.64);(-0.26;-0.66)},557128
1600,1,{(-1.72;1.2);(1;-1.2)},3746
1600,1,{(-1.72;1.2);(1;-1.2)},2616
1600,1,{(-1.72;1.2);(1;-1.2)},2510
1600,1,{(-1.72;1.2);(1;-1.2)},2615
1600,1,{(-0.7;0);(0.3;-1)},2559
1600,1,{(-0.7;0);(0.3;-1)},2511
1600,1,{(-0.7;0);(0.3;-1)},2502
1600,1,{(-0.7;0);(0.3;-1)},2500
1600,1,{(-0.4;-0.5);(0.1;-1)},2509
1600,1,{(-0.4;-0.5);(0.1;-1)},2511
1600,1,{(-0.4;-0.5);(0.1;-1)},2500
1600,1,{(-0.4;-0.5);(0.1;-1)},2503
1600,1,{(-0.4;-0.6);(-0.2;-0.8)},2505
1600,1,{(-0.4;-0.6);(-0.2;-0.8)},2498
1600,1,{(-0.4;-0.6);(-0.2;-0.8)},2531
1600,1,{(-0.4;-0.6);(-0.2;-0.8)},2659
1600,1,{(-0.24;-0.64);(-0.26;-0.66)},2518
1600,1,{(-0.24;-0.64);(-0.26;-0.66)},2497
1600,1,{(-0.24;-0.64);(-0.26;-0.66)},2648
1600,1,{(-0.24;-0.64);(-0.26;-0.66)},2777
1600,10,{(-1.72;1.2);(1;-1.2)},6314
1600,10,{(-1.72;1.2);(1;-1.2)},6315
1600,10,{(-1.72;1.2);(1;-1.2)},6318
1600,10,{(-1.72;1.2);(1;-1.2)},6402
1600,10,{(-0.7;0);(0.3;-1)},9013
1600,10,{(-0.7;0);(0.3;-1)},8974
1600,10,{(-0.7;0);(0.3;-1)},8851
1600,10,{(-0.7;0);(0.3;-1)},8940
1600,10,{(-0.4;-0.5);(0.1;-1)},8888
1600,10,{(-0.4;-0.5);(0.1;-1)},8917
1600,10,{(-0.4;-0.5);(0.1;-1)},8916
1600,10,{(-0.4;-0.5);(0.1;-1)},8856
1600,10,{(-0.4;-0.6);(-0.2;-0.8)},9198
1600,10,{(-0.4;-0.6);(-0.2;-0.8)},9251
1600,10,{(-0.4;-0.6);(-0.2;-0.8)},9194
1600,10,{(-0.4;-0.6);(-0.2;-0.8)},9222
1600,10,{(-0.24;-0.64);(-0.26;-0.66)},10027
1600,10,{(-0.24;-0.64);(-0.26;-0.66)},10056
1600,10,{(-0.24;-0.64);(-0.26;-0.66)},10001
1600,10,{(-0.24;-0.64);(-0.26;-0.66)},9988
1600,30,{(-1.72;1.2);(1;-1.2)},11347
1600,30,{(-1.72;1.2);(1;-1.2)},11255
1600,30,{(-1.72;1.2);(1;-1.2)},11194
1600,30,{(-1.72;1.2);(1;-1.2)},11322
1600,30,{(-0.7;0);(0.3;-1)},20356
1600,30,{(-0.7;0);(0.3;-1)},20352
1600,30,{(-0.7;0);(0.3;-1)},20379
1600,30,{(-0.7;0);(0.3;-1)},20364
1600,30,{(-0.4;-0.5);(0.1;-1)},18038
1600,30,{(-0.4;-0.5);(0.1;-1)},18035
1600,30,{(-0.4;-0.5);(0.1;-1)},18046
1600,30,{(-0.4;-0.5);(0.1;-1)},18105
1600,30,{(-0.4;-0.6);(-0.2;-0.8)},16887
1600,30,{(-0.4;-0.6);(-0.2;-0.8)},16776
1600,30,{(-0.4;-0.6);(-0.2;-0.8)},16715
1600,30,{(-0.4;-0.6);(-0.2;-0.8)},16855
1600,30,{(-0.24;-0.64);(-0.26;-0.66)},24500
1600,30,{(-0.24;-0.64);(-0.26;-0.66)},24318
1600,30,{(-0.24;-0.64);(-0.26;-0.66)},24392
1600,30,{(-0.24;-0.64);(-0.26;-0.66)},24475
1600,80,{(-1.72;1.2);(1;-1.2)},22730
1600,80,{(-1.72;1.2);(1;-1.2)},23040
1600,80,{(-1.72;1.2);(1;-1.2)},22702
1600,80,{(-1.72;1.2);(1;-1.2)},22724
1600,80,{(-0.7;0);(0.3;-1)},47991
1600,80,{(-0.7;0);(0.3;-1)},47968
1600,80,{(-0.7;0);(0.3;-1)},47881
1600,80,{(-0.7;0);(0.3;-1)},47971
1600,80,{(-0.4;-0.5);(0.1;-1)},38536
1600,80,{(-0.4;-0.5);(0.1;-1)},38558
1600,80,{(-0.4;-0.5);(0.1;-1)},38536
1600,80,{(-0.4;-0.5);(0.1;-1)},38462
1600,80,{(-0.4;-0.6);(-0.2;-0.8)},32547
1600,80,{(-0.4;-0.6);(-0.2;-0.8)},32492
1600,80,{(-0.4;-0.6);(-0.2;-0.8)},32425
1600,80,{(-0.4;-0.6);(-0.2;-0.8)},32468
1600,80,{(-0.24;-0.64);(-0.26;-0.66)},49330
1600,80,{(-0.24;-0.64);(-0.26;-0.66)},49248
1600,80,{(-0.24;-0.64);(-0.26;-0.66)},49283
1600,80,{(-0.24;-0.64);(-0.26;-0.66)},49367
1600,150,{(-1.72;1.2);(1;-1.2)},38071
1600,150,{(-1.72;1.2);(1;-1.2)},38097
1600,150,{(-1.72;1.2);(1;-1.2)},38125
1600,150,{(-1.72;1.2);(1;-1.2)},38140
1600,150,{(-0.7;0);(0.3;-1)},85399
1600,150,{(-0.7;0);(0.3;-1)},85357
1600,150,{(-0.7;0);(0.3;-1)},85475
1600,150,{(-0.7;0);(0.3;-1)},85491
1600,150,{(-0.4;-0.5);(0.1;-1)},65103
1600,150,{(-0.4;-0.5);(0.1;-1)},65143
1600,150,{(-0.4;-0.5);(0.1;-1)},65091
1600,150,{(-0.4;-0.5);(0.1;-1)},65043
1600,150,{(-0.4;-0.6);(-0.2;-0.8)},51697
1600,150,{(-0.4;-0.6);(-0.2;-0.8)},51658
1600,150,{(-0.4;-0.6);(-0.2;-0.8)},51692
1600,150,{(-0.4;-0.6);(-0.2;-0.8)},51684
1600,150,{(-0.24;-0.64);(-0.26;-0.66)},81507
1600,150,{(-0.24;-0.64);(-0.26;-0.66)},81476
1600,150,{(-0.24;-0.64);(-0.26;-0.66)},81471
1600,150,{(-0.24;-0.64);(-0.26;-0.66)},81461
1600,250,{(-1.72;1.2);(1;-1.2)},60429
1600,250,{(-1.72;1.2);(1;-1.2)},60084
1600,250,{(-1.72;1.2);(1;-1.2)},59911
1600,250,{(-1.72;1.2);(1;-1.2)},59686
1600,250,{(-0.7;0);(0.3;-1)},138185
1600,250,{(-0.7;0);(0.3;-1)},138325
1600,250,{(-0.7;0);(0.3;-1)},138404
1600,250,{(-0.7;0);(0.3;-1)},138233
1600,250,{(-0.4;-0.5);(0.1;-1)},101658
1600,250,{(-0.4;-0.5);(0.1;-1)},101559
1600,250,{(-0.4;-0.5);(0.1;-1)},101648
1600,250,{(-0.4;-0.5);(0.1;-1)},101732
1600,250,{(-0.4;-0.6);(-0.2;-0.8)},75609
1600,250,{(-0.4;-0.6);(-0.2;-0.8)},75374
1600,250,{(-0.4;-0.6);(-0.2;-0.8)},75582
1600,250,{(-0.4;-0.6);(-0.2;-0.8)},75393
1600,250,{(-0.24;-0.64);(-0.26;-0.66)},123065
1600,250,{(-0.24;-0.64);(-0.26;-0.66)},123070
1600,250,{(-0.24;-0.64);(-0.26;-0.66)},123191
1600,250,{(-0.24;-0.64);(-0.26;-0.66)},123081
1600,500,{(-1.72;1.2);(1;-1.2)},113653
1600,500,{(-1.72;1.2);(1;-1.2)},113319
1600,500,{(-1.72;1.2);(1;-1.2)},113473
1600,500,{(-1.72;1.2);(1;-1.2)},113507
1600,500,{(-0.7;0);(0.3;-1)},268921
1600,500,{(-0.7;0);(0.3;-1)},268958
1600,500,{(-0.7;0);(0.3;-1)},269116
1600,500,{(-0.7;0);(0.3;-1)},268910
1600,500,{(-0.4;-0.5);(0.1;-1)},190972
1600,500,{(-0.4;-0.5);(0.1;-1)},190884
1600,500,{(-0.4;-0.5);(0.1;-1)},190934
1600,500,{(-0.4;-0.5);(0.1;-1)},191016
1600,500,{(-0.4;-0.6);(-0.2;-0.8)},127571
1600,500,{(-0.4;-0.6);(-0.2;-0.8)},127541
1600,500,{(-0.4;-0.6);(-0.2;-0.8)},127632
1600,500,{(-0.4;-0.6);(-0.2;-0.8)},127540
1600,500,{(-0.24;-0.64);(-0.26;-0.66)},196477
1600,500,{(-0.24;-0.64);(-0.26;-0.66)},196284
1600,500,{(-0.24;-0.64);(-0.26;-0.66)},196757
1600,500,{(-0.24;-0.64);(-0.26;-0.66)},196341
1600,1000,{(-1.72;1.2);(1;-1.2)},220274
1600,1000,{(-1.72;1.2);(1;-1.2)},220119
1600,1000,{(-1.72;1.2);(1;-1.2)},220360
1600,1000,{(-1.72;1.2);(1;-1.2)},220161
1600,1000,{(-0.7;0);(0.3;-1)},528935
1600,1000,{(-0.7;0);(0.3;-1)},528884
1600,1000,{(-0.7;0);(0.3;-1)},529141
1600,1000,{(-0.7;0);(0.3;-1)},528804
1600,1000,{(-0.4;-0.5);(0.1;-1)},366740
1600,1000,{(-0.4;-0.5);(0.1;-1)},365896
1600,1000,{(-0.4;-0.5);(0.1;-1)},365729
1600,1000,{(-0.4;-0.5);(0.1;-1)},366717
1600,1000,{(-0.4;-0.6);(-0.2;-0.8)},223300
1600,1000,{(-0.4;-0.6);(-0.2;-0.8)},223828
1600,1000,{(-0.4;-0.6);(-0.2;-0.8)},223095
1600,1000,{(-0.4;-0.6);(-0.2;-0.8)},223154
1600,1000,{(-0.24;-0.64);(-0.26;-0.66)},280752
1600,1000,{(-0.24;-0.64);(-0.26;-0.66)},281987
1600,1000,{(-0.24;-0.64);(-0.26;-0.66)},280676
1600,1000,{(-0.24;-0.64);(-0.26;-0.66)},280956
1600,2000,{(-1.72;1.2);(1;-1.2)},433662
1600,2000,{(-1.72;1.2);(1;-1.2)},434570
1600,2000,{(-1.72;1.2);(1;-1.2)},433452
1600,2000,{(-1.72;1.2);(1;-1.2)},433416
1600,2000,{(-0.7;0);(0.3;-1)},1048120
1600,2000,{(-0.7;0);(0.3;-1)},1048184
1600,2000,{(-0.7;0);(0.3;-1)},1048206
1600,2000,{(-0.7;0);(0.3;-1)},1048048
1600,2000,{(-0.4;-0.5);(0.1;-1)},713722
1600,2000,{(-0.4;-0.5);(0.1;-1)},713960
1600,2000,{(-0.4;-0.5);(0.1;-1)},713461
1600,2000,{(-0.4;-0.5);(0.1;-1)},713814
1600,2000,{(-0.4;-0.6);(-0.2;-0.8)},405415
1600,2000,{(-0.4;-0.6);(-0.2;-0.8)},405478
1600,2000,{(-0.4;-0.6);(-0.2;-0.8)},405362
1600,2000,{(-0.4;-0.6);(-0.2;-0.8)},405397
1600,2000,{(-0.24;-0.64);(-0.26;-0.66)},394212
1600,2000,{(-0.24;-0.64);(-0.26;-0.66)},394071
1600,2000,{(-0.24;-0.64);(-0.26;-0.66)},394388
1600,2000,{(-0.24;-0.64);(-0.26;-0.66)},394447
1600,8000,{(-1.72;1.2);(1;-1.2)},1712048
1600,8000,{(-1.72;1.2);(1;-1.2)},1712327
1600,8000,{(-1.72;1.2);(1;-1.2)},1712403
1600,8000,{(-1.72;1.2);(1;-1.2)},1712281
1600,8000,{(-0.7;0);(0.3;-1)},4164369
1600,8000,{(-0.7;0);(0.3;-1)},4164809
1600,8000,{(-0.7;0);(0.3;-1)},4164521
1600,8000,{(-0.7;0);(0.3;-1)},4164234
1600,8000,{(-0.4;-0.5);(0.1;-1)},2794380
1600,8000,{(-0.4;-0.5);(0.1;-1)},2794012
1600,8000,{(-0.4;-0.5);(0.1;-1)},2795353
1600,8000,{(-0.4;-0.5);(0.1;-1)},2794894
1600,8000,{(-0.4;-0.6);(-0.2;-0.8)},1482148
1600,8000,{(-0.4;-0.6);(-0.2;-0.8)},1482118
1600,8000,{(-0.4;-0.6);(-0.2;-0.8)},1482455
1600,8000,{(-0.4;-0.6);(-0.2;-0.8)},1482248
1600,8000,{(-0.24;-0.64);(-0.26;-0.66)},958361
1600,8000,{(-0.24;-0.64);(-0.26;-0.66)},958158
1600,8000,{(-0.24;-0.64);(-0.26;-0.66)},958246
1600,8000,{(-0.24;-0.64);(-0.26;-0.66)},958418
2000,1,{(-1.72;1.2);(1;-1.2)},5184
2000,1,{(-1.72;1.2);(1;-1.2)},3821
2000,1,{(-1.72;1.2);(1;-1.2)},3771
2000,1,{(-1.72;1.2);(1;-1.2)},3785
2000,1,{(-0.7;0);(0.3;-1)},3877
2000,1,{(-0.7;0);(0.3;-1)},3804
2000,1,{(-0.7;0);(0.3;-1)},3775
2000,1,{(-0.7;0);(0.3;-1)},3810
2000,1,{(-0.4;-0.5);(0.1;-1)},4191
2000,1,{(-0.4;-0.5);(0.1;-1)},3912
2000,1,{(-0.4;-0.5);(0.1;-1)},3807
2000,1,{(-0.4;-0.5);(0.1;-1)},3785
2000,1,{(-0.4;-0.6);(-0.2;-0.8)},3767
2000,1,{(-0.4;-0.6);(-0.2;-0.8)},3962
2000,1,{(-0.4;-0.6);(-0.2;-0.8)},3897
2000,1,{(-0.4;-0.6);(-0.2;-0.8)},3774
2000,1,{(-0.24;-0.64);(-0.26;-0.66)},3770
2000,1,{(-0.24;-0.64);(-0.26;-0.66)},3734
2000,1,{(-0.24;-0.64);(-0.26;-0.66)},3981
2000,1,{(-0.24;-0.64);(-0.26;-0.66)},3809
2000,10,{(-1.72;1.2);(1;-1.2)},10105
2000,10,{(-1.72;1.2);(1;-1.2)},9914
2000,10,{(-1.72;1.2);(1;-1.2)},9830
2000,10,{(-1.72;1.2);(1;-1.2)},10002
2000,10,{(-0.7;0);(0.3;-1)},13977
2000,10,{(-0.7;0);(0.3;-1)},13846
2000,10,{(-0.7;0);(0.3;-1)},13783
2000,10,{(-0.7;0);(0.3;-1)},13965
2000,10,{(-0.4;-0.5);(0.1;-1)},13764
2000,10,{(-0.4;-0.5);(0.1;-1)},13696
2000,10,{(-0.4;-0.5);(0.1;-1)},13924
2000,10,{(-0.4;-0.5);(0.1;-1)},13787
2000,10,{(-0.4;-0.6);(-0.2;-0.8)},14186
2000,10,{(-0.4;-0.6);(-0.2;-0.8)},14394
2000,10,{(-0.4;-0.6);(-0.2;-0.8)},14305
2000,10,{(-0.4;-0.6);(-0.2;-0.8)},14170
2000,10,{(-0.24;-0.64);(-0.26;-0.66)},16615
2000,10,{(-0.24;-0.64);(-0.26;-0.66)},15414
2000,10,{(-0.24;-0.64);(-0.26;-0.66)},15405
2000,10,{(-0.24;-0.64);(-0.26;-0.66)},15674
2000,30,{(-1.72;1.2);(1;-1.2)},17802
2000,30,{(-1.72;1.2);(1;-1.2)},17845
2000,30,{(-1.72;1.2);(1;-1.2)},17696
2000,30,{(-1.72;1.2);(1;-1.2)},17925
2000,30,{(-0.7;0);(0.3;-1)},31778
2000,30,{(-0.7;0);(0.3;-1)},31829
2000,30,{(-0.7;0);(0.3;-1)},31552
2000,30,{(-0.7;0);(0.3;-1)},31675
2000,30,{(-0.4;-0.5);(0.1;-1)},28014
2000,30,{(-0.4;-0.5);(0.1;-1)},28110
2000,30,{(-0.4;-0.5);(0.1;-1)},28005
2000,30,{(-0.4;-0.5);(0.1;-1)},28087
2000,30,{(-0.4;-0.6);(-0.2;-0.8)},26133
2000,30,{(-0.4;-0.6);(-0.2;-0.8)},26253
2000,30,{(-0.4;-0.6);(-0.2;-0.8)},26068
2000,30,{(-0.4;-0.6);(-0.2;-0.8)},26195
2000,30,{(-0.24;-0.64);(-0.26;-0.66)},38051
2000,30,{(-0.24;-0.64);(-0.26;-0.66)},37885
2000,30,{(-0.24;-0.64);(-0.26;-0.66)},37988
2000,30,{(-0.24;-0.64);(-0.26;-0.66)},38116
2000,80,{(-1.72;1.2);(1;-1.2)},35857
2000,80,{(-1.72;1.2);(1;-1.2)},35821
2000,80,{(-1.72;1.2);(1;-1.2)},35743
2000,80,{(-1.72;1.2);(1;-1.2)},35729
2000,80,{(-0.7;0);(0.3;-1)},74723
2000,80,{(-0.7;0);(0.3;-1)},74746
2000,80,{(-0.7;0);(0.3;-1)},74793
2000,80,{(-0.7;0);(0.3;-1)},74767
2000,80,{(-0.4;-0.5);(0.1;-1)},59877
2000,80,{(-0.4;-0.5);(0.1;-1)},60062
2000,80,{(-0.4;-0.5);(0.1;-1)},60008
2000,80,{(-0.4;-0.5);(0.1;-1)},59902
2000,80,{(-0.4;-0.6);(-0.2;-0.8)},50386
2000,80,{(-0.4;-0.6);(-0.2;-0.8)},50315
2000,80,{(-0.4;-0.6);(-0.2;-0.8)},50352
2000,80,{(-0.4;-0.6);(-0.2;-0.8)},50312
2000,80,{(-0.24;-0.64);(-0.26;-0.66)},76640
2000,80,{(-0.24;-0.64);(-0.26;-0.66)},76857
2000,80,{(-0.24;-0.64);(-0.26;-0.66)},76653
2000,80,{(-0.24;-0.64);(-0.26;-0.66)},76634
2000,150,{(-1.72;1.2);(1;-1.2)},59516
2000,150,{(-1.72;1.2);(1;-1.2)},59624
2000,150,{(-1.72;1.2);(1;-1.2)},59606
2000,150,{(-1.72;1.2);(1;-1.2)},59660
2000,150,{(-0.7;0);(0.3;-1)},133250
2000,150,{(-0.7;0);(0.3;-1)},133300
2000,150,{(-0.7;0);(0.3;-1)},133219
2000,150,{(-0.7;0);(0.3;-1)},133363
2000,150,{(-0.4;-0.5);(0.1;-1)},101484
2000,150,{(-0.4;-0.5);(0.1;-1)},101430
2000,150,{(-0.4;-0.5);(0.1;-1)},101315
2000,150,{(-0.4;-0.5);(0.1;-1)},101443
2000,150,{(-0.4;-0.6);(-0.2;-0.8)},80148
2000,150,{(-0.4;-0.6);(-0.2;-0.8)},80164
2000,150,{(-0.4;-0.6);(-0.2;-0.8)},80136
2000,150,{(-0.4;-0.6);(-0.2;-0.8)},80163
2000,150,{(-0.24;-0.64);(-0.26;-0.66)},126307
2000,150,{(-0.24;-0.64);(-0.26;-0.66)},126333
2000,150,{(-0.24;-0.64);(-0.26;-0.66)},126413
2000,150,{(-0.24;-0.64);(-0.26;-0.66)},126314
2000,250,{(-1.72;1.2);(1;-1.2)},93264
2000,250,{(-1.72;1.2);(1;-1.2)},93185
2000,250,{(-1.72;1.2);(1;-1.2)},93140
2000,250,{(-1.72;1.2);(1;-1.2)},93119
2000,250,{(-0.7;0);(0.3;-1)},215618
2000,250,{(-0.7;0);(0.3;-1)},215831
2000,250,{(-0.7;0);(0.3;-1)},215790
2000,250,{(-0.7;0);(0.3;-1)},215789
2000,250,{(-0.4;-0.5);(0.1;-1)},158372
2000,250,{(-0.4;-0.5);(0.1;-1)},158257
2000,250,{(-0.4;-0.5);(0.1;-1)},158214
2000,250,{(-0.4;-0.5);(0.1;-1)},158310
2000,250,{(-0.4;-0.6);(-0.2;-0.8)},117365
2000,250,{(-0.4;-0.6);(-0.2;-0.8)},117172
2000,250,{(-0.4;-0.6);(-0.2;-0.8)},117199
2000,250,{(-0.4;-0.6);(-0.2;-0.8)},117122
2000,250,{(-0.24;-0.64);(-0.26;-0.66)},190678
2000,250,{(-0.24;-0.64);(-0.26;-0.66)},190488
2000,250,{(-0.24;-0.64);(-0.26;-0.66)},190407
2000,250,{(-0.24;-0.64);(-0.26;-0.66)},190634
2000,500,{(-1.72;1.2);(1;-1.2)},175943
2000,500,{(-1.72;1.2);(1;-1.2)},175983
2000,500,{(-1.72;1.2);(1;-1.2)},175870
2000,500,{(-1.72;1.2);(1;-1.2)},175939
2000,500,{(-0.7;0);(0.3;-1)},419747
2000,500,{(-0.7;0);(0.3;-1)},419941
2000,500,{(-0.7;0);(0.3;-1)},419935
2000,500,{(-0.7;0);(0.3;-1)},419755
2000,500,{(-0.4;-0.5);(0.1;-1)},296470
2000,500,{(-0.4;-0.5);(0.1;-1)},296521
2000,500,{(-0.4;-0.5);(0.1;-1)},296456
2000,500,{(-0.4;-0.5);(0.1;-1)},296460
2000,500,{(-0.4;-0.6);(-0.2;-0.8)},198945
2000,500,{(-0.4;-0.6);(-0.2;-0.8)},198822
2000,500,{(-0.4;-0.6);(-0.2;-0.8)},198783
2000,500,{(-0.4;-0.6);(-0.2;-0.8)},198586
2000,500,{(-0.24;-0.64);(-0.26;-0.66)},302533
2000,500,{(-0.24;-0.64);(-0.26;-0.66)},302563
2000,500,{(-0.24;-0.64);(-0.26;-0.66)},302957
2000,500,{(-0.24;-0.64);(-0.26;-0.66)},302838
2000,1000,{(-1.72;1.2);(1;-1.2)},340833
2000,1000,{(-0.7;0);(0.3;-1)},826143
2000,1000,{(-0.4;-0.5);(0.1;-1)},568346
2000,1000,{(-0.4;-0.6);(-0.2;-0.8)},347162
2000,1000,{(-0.24;-0.64);(-0.26;-0.66)},430853
2000,2000,{(-1.72;1.2);(1;-1.2)},669493
2000,2000,{(-0.7;0);(0.3;-1)},1637370
2000,2000,{(-0.4;-0.5);(0.1;-1)},1108133
2000,2000,{(-0.4;-0.6);(-0.2;-0.8)},633276
2000,2000,{(-0.24;-0.64);(-0.26;-0.66)},602909
2000,8000,{(-1.72;1.2);(1;-1.2)},2640855
2000,8000,{(-0.7;0);(0.3;-1)},6501181
2000,8000,{(-0.4;-0.5);(0.1;-1)},4339166
2000,8000,{(-0.4;-0.6);(-0.2;-0.8)},2316504
2000,8000,{(-0.24;-0.64);(-0.26;-0.66)},1456954
4000,1,{(-1.72;1.2);(1;-1.2)},20093
4000,1,{(-1.72;1.2);(1;-1.2)},19220
4000,1,{(-1.72;1.2);(1;-1.2)},19287
4000,1,{(-1.72;1.2);(1;-1.2)},19641
4000,1,{(-0.7;0);(0.3;-1)},19450
4000,1,{(-0.7;0);(0.3;-1)},19376
4000,1,{(-0.7;0);(0.3;-1)},19567
4000,1,{(-0.7;0);(0.3;-1)},19856
4000,1,{(-0.4;-0.5);(0.1;-1)},19377
4000,1,{(-0.4;-0.5);(0.1;-1)},19471
4000,1,{(-0.4;-0.5);(0.1;-1)},19545
4000,1,{(-0.4;-0.5);(0.1;-1)},19538
4000,1,{(-0.4;-0.6);(-0.2;-0.8)},19615
4000,1,{(-0.4;-0.6);(-0.2;-0.8)},19216
4000,1,{(-0.4;-0.6);(-0.2;-0.8)},19209
4000,1,{(-0.4;-0.6);(-0.2;-0.8)},19418
4000,1,{(-0.24;-0.64);(-0.26;-0.66)},19452
4000,1,{(-0.24;-0.64);(-0.26;-0.66)},19324
4000,1,{(-0.24;-0.64);(-0.26;-0.66)},19617
4000,1,{(-0.24;-0.64);(-0.26;-0.66)},19534
4000,10,{(-1.72;1.2);(1;-1.2)},43831
4000,10,{(-1.72;1.2);(1;-1.2)},43531
4000,10,{(-1.72;1.2);(1;-1.2)},44163
4000,10,{(-1.72;1.2);(1;-1.2)},43585
4000,10,{(-0.7;0);(0.3;-1)},61332
4000,10,{(-0.7;0);(0.3;-1)},61459
4000,10,{(-0.7;0);(0.3;-1)},61583
4000,10,{(-0.7;0);(0.3;-1)},61512
4000,10,{(-0.4;-0.5);(0.1;-1)},61629
4000,10,{(-0.4;-0.5);(0.1;-1)},61534
4000,10,{(-0.4;-0.5);(0.1;-1)},61595
4000,10,{(-0.4;-0.5);(0.1;-1)},61673
4000,10,{(-0.4;-0.6);(-0.2;-0.8)},63650
4000,10,{(-0.4;-0.6);(-0.2;-0.8)},63696
4000,10,{(-0.4;-0.6);(-0.2;-0.8)},63681
4000,10,{(-0.4;-0.6);(-0.2;-0.8)},63791
4000,10,{(-0.24;-0.64);(-0.26;-0.66)},68391
4000,10,{(-0.24;-0.64);(-0.26;-0.66)},68506
4000,10,{(-0.24;-0.64);(-0.26;-0.66)},68847
4000,10,{(-0.24;-0.64);(-0.26;-0.66)},68400
4000,30,{(-1.72;1.2);(1;-1.2)},76044
4000,30,{(-1.72;1.2);(1;-1.2)},76094
4000,30,{(-1.72;1.2);(1;-1.2)},75857
4000,30,{(-1.72;1.2);(1;-1.2)},75964
4000,30,{(-0.7;0);(0.3;-1)},134027
4000,30,{(-0.7;0);(0.3;-1)},133975
4000,30,{(-0.7;0);(0.3;-1)},134164
4000,30,{(-0.7;0);(0.3;-1)},134009
4000,30,{(-0.4;-0.5);(0.1;-1)},118751
4000,30,{(-0.4;-0.5);(0.1;-1)},118684
4000,30,{(-0.4;-0.5);(0.1;-1)},118818
4000,30,{(-0.4;-0.5);(0.1;-1)},118701
4000,30,{(-0.4;-0.6);(-0.2;-0.8)},111265
4000,30,{(-0.4;-0.6);(-0.2;-0.8)},111233
4000,30,{(-0.4;-0.6);(-0.2;-0.8)},111296
4000,30,{(-0.4;-0.6);(-0.2;-0.8)},111143
4000,30,{(-0.24;-0.64);(-0.26;-0.66)},162086
4000,30,{(-0.24;-0.64);(-0.26;-0.66)},162281
4000,30,{(-0.24;-0.64);(-0.26;-0.66)},157471
4000,30,{(-0.24;-0.64);(-0.26;-0.66)},156455
4000,80,{(-1.72;1.2);(1;-1.2)},142403
4000,80,{(-1.72;1.2);(1;-1.2)},142363
4000,80,{(-1.72;1.2);(1;-1.2)},142382
4000,80,{(-1.72;1.2);(1;-1.2)},142186
4000,80,{(-0.7;0);(0.3;-1)},298388
4000,80,{(-0.7;0);(0.3;-1)},298313
4000,80,{(-0.7;0);(0.3;-1)},298536
4000,80,{(-0.7;0);(0.3;-1)},298671
4000,80,{(-0.4;-0.5);(0.1;-1)},237830
4000,80,{(-0.4;-0.5);(0.1;-1)},237825
4000,80,{(-0.4;-0.5);(0.1;-1)},238010
4000,80,{(-0.4;-0.5);(0.1;-1)},237804
4000,80,{(-0.4;-0.6);(-0.2;-0.8)},196381
4000,80,{(-0.4;-0.6);(-0.2;-0.8)},196558
4000,80,{(-0.4;-0.6);(-0.2;-0.8)},196407
4000,80,{(-0.4;-0.6);(-0.2;-0.8)},196546
4000,80,{(-0.24;-0.64);(-0.26;-0.66)},303527
4000,80,{(-0.24;-0.64);(-0.26;-0.66)},303113
4000,80,{(-0.24;-0.64);(-0.26;-0.66)},303275
4000,80,{(-0.24;-0.64);(-0.26;-0.66)},303573
4000,150,{(-1.72;1.2);(1;-1.2)},234808
4000,150,{(-1.72;1.2);(1;-1.2)},234746
4000,150,{(-1.72;1.2);(1;-1.2)},234748
4000,150,{(-1.72;1.2);(1;-1.2)},234965
4000,150,{(-0.7;0);(0.3;-1)},529697
4000,150,{(-0.7;0);(0.3;-1)},530006
4000,150,{(-0.7;0);(0.3;-1)},529869
4000,150,{(-0.7;0);(0.3;-1)},529594
4000,150,{(-0.4;-0.5);(0.1;-1)},400499
4000,150,{(-0.4;-0.5);(0.1;-1)},400620
4000,150,{(-0.4;-0.5);(0.1;-1)},400743
4000,150,{(-0.4;-0.5);(0.1;-1)},400669
4000,150,{(-0.4;-0.6);(-0.2;-0.8)},307965
4000,150,{(-0.4;-0.6);(-0.2;-0.8)},307960
4000,150,{(-0.4;-0.6);(-0.2;-0.8)},308003
4000,150,{(-0.4;-0.6);(-0.2;-0.8)},308380
4000,150,{(-0.24;-0.64);(-0.26;-0.66)},481738
4000,150,{(-0.24;-0.64);(-0.26;-0.66)},482399
4000,150,{(-0.24;-0.64);(-0.26;-0.66)},482233
4000,150,{(-0.24;-0.64);(-0.26;-0.66)},482085
4000,250,{(-1.72;1.2);(1;-1.2)},363454
4000,250,{(-1.72;1.2);(1;-1.2)},363188
4000,250,{(-1.72;1.2);(1;-1.2)},363351
4000,250,{(-1.72;1.2);(1;-1.2)},363701
4000,250,{(-0.7;0);(0.3;-1)},855157
4000,250,{(-0.7;0);(0.3;-1)},855614
4000,250,{(-0.7;0);(0.3;-1)},855265
4000,250,{(-0.7;0);(0.3;-1)},855342
4000,250,{(-0.4;-0.5);(0.1;-1)},624688
4000,250,{(-0.4;-0.5);(0.1;-1)},624816
4000,250,{(-0.4;-0.5);(0.1;-1)},624887
4000,250,{(-0.4;-0.5);(0.1;-1)},624694
4000,250,{(-0.4;-0.6);(-0.2;-0.8)},449132
4000,250,{(-0.4;-0.6);(-0.2;-0.8)},449045
4000,250,{(-0.4;-0.6);(-0.2;-0.8)},448960
4000,250,{(-0.4;-0.6);(-0.2;-0.8)},449113
4000,250,{(-0.24;-0.64);(-0.26;-0.66)},717768
4000,250,{(-0.24;-0.64);(-0.26;-0.66)},717206
4000,250,{(-0.24;-0.64);(-0.26;-0.66)},717521
4000,250,{(-0.24;-0.64);(-0.26;-0.66)},717845
4000,500,{(-1.72;1.2);(1;-1.2)},681747
4000,500,{(-1.72;1.2);(1;-1.2)},681730
4000,500,{(-1.72;1.2);(1;-1.2)},681591
4000,500,{(-1.72;1.2);(1;-1.2)},681610
4000,500,{(-0.7;0);(0.3;-1)},1662035
4000,500,{(-0.7;0);(0.3;-1)},1661795
4000,500,{(-0.7;0);(0.3;-1)},1662255
4000,500,{(-0.7;0);(0.3;-1)},1662327
4000,500,{(-0.4;-0.5);(0.1;-1)},1167569
4000,500,{(-0.4;-0.5);(0.1;-1)},1167834
4000,500,{(-0.4;-0.5);(0.1;-1)},1167795
4000,500,{(-0.4;-0.5);(0.1;-1)},1168372
4000,500,{(-0.4;-0.6);(-0.2;-0.8)},759947
4000,500,{(-0.4;-0.6);(-0.2;-0.8)},759818
4000,500,{(-0.4;-0.6);(-0.2;-0.8)},759786
4000,500,{(-0.4;-0.6);(-0.2;-0.8)},759874
4000,500,{(-0.24;-0.64);(-0.26;-0.66)},1141116
4000,500,{(-0.24;-0.64);(-0.26;-0.66)},1141312
4000,500,{(-0.24;-0.64);(-0.26;-0.66)},1141282
4000,500,{(-0.24;-0.64);(-0.26;-0.66)},1140778
4000,1000,{(-1.72;1.2);(1;-1.2)},1314334
4000,1000,{(-0.7;0);(0.3;-1)},3263914
4000,1000,{(-0.4;-0.5);(0.1;-1)},2233930
4000,1000,{(-0.4;-0.6);(-0.2;-0.8)},1325298
4000,1000,{(-0.24;-0.64);(-0.26;-0.66)},1637510
4000,2000,{(-1.72;1.2);(1;-1.2)},2577713
4000,2000,{(-0.7;0);(0.3;-1)},6462043
4000,2000,{(-0.4;-0.5);(0.1;-1)},4346451
4000,2000,{(-0.4;-0.6);(-0.2;-0.8)},2400724
4000,2000,{(-0.24;-0.64);(-0.26;-0.66)},2292340
4000,8000,{(-1.72;1.2);(1;-1.2)},10312123
4000,8000,{(-0.7;0);(0.3;-1)},25730159
4000,8000,{(-0.4;-0.5);(0.1;-1)},17126386
4000,8000,{(-0.4;-0.6);(-0.2;-0.8)},8861881
4000,8000,{(-0.24;-0.64);(-0.26;-0.66)},5695993
10000,1,{(-1.72;1.2);(1;-1.2)},117412
10000,1,{(-1.72;1.2);(1;-1.2)},118049
10000,1,{(-1.72;1.2);(1;-1.2)},118359
10000,1,{(-1.72;1.2);(1;-1.2)},117976
10000,1,{(-0.7;0);(0.3;-1)},118719
10000,1,{(-0.7;0);(0.3;-1)},119300
10000,1,{(-0.7;0);(0.3;-1)},119224
10000,1,{(-0.7;0);(0.3;-1)},119523
10000,1,{(-0.4;-0.5);(0.1;-1)},120143
10000,1,{(-0.4;-0.5);(0.1;-1)},120267
10000,1,{(-0.4;-0.5);(0.1;-1)},120470
10000,1,{(-0.4;-0.5);(0.1;-1)},120316
10000,1,{(-0.4;-0.6);(-0.2;-0.8)},120388
10000,1,{(-0.4;-0.6);(-0.2;-0.8)},122130
10000,1,{(-0.4;-0.6);(-0.2;-0.8)},121237
10000,1,{(-0.4;-0.6);(-0.2;-0.8)},121357
10000,1,{(-0.24;-0.64);(-0.26;-0.66)},121254
10000,1,{(-0.24;-0.64);(-0.26;-0.66)},122964
10000,1,{(-0.24;-0.64);(-0.26;-0.66)},122549
10000,1,{(-0.24;-0.64);(-0.26;-0.66)},123239
10000,10,{(-1.72;1.2);(1;-1.2)},290520
10000,10,{(-1.72;1.2);(1;-1.2)},282290
10000,10,{(-1.72;1.2);(1;-1.2)},274095
10000,10,{(-1.72;1.2);(1;-1.2)},264458
10000,10,{(-0.7;0);(0.3;-1)},364650
10000,10,{(-0.7;0);(0.3;-1)},364540
10000,10,{(-0.7;0);(0.3;-1)},364623
10000,10,{(-0.7;0);(0.3;-1)},364480
10000,10,{(-0.4;-0.5);(0.1;-1)},366736
10000,10,{(-0.4;-0.5);(0.1;-1)},362898
10000,10,{(-0.4;-0.5);(0.1;-1)},362319
10000,10,{(-0.4;-0.5);(0.1;-1)},362257
10000,10,{(-0.4;-0.6);(-0.2;-0.8)},376634
10000,10,{(-0.4;-0.6);(-0.2;-0.8)},376201
10000,10,{(-0.4;-0.6);(-0.2;-0.8)},376493
10000,10,{(-0.4;-0.6);(-0.2;-0.8)},376296
10000,10,{(-0.24;-0.64);(-0.26;-0.66)},407339
10000,10,{(-0.24;-0.64);(-0.26;-0.66)},407300
10000,10,{(-0.24;-0.64);(-0.26;-0.66)},407368
10000,10,{(-0.24;-0.64);(-0.26;-0.66)},407529
10000,30,{(-1.72;1.2);(1;-1.2)},434834
10000,30,{(-1.72;1.2);(1;-1.2)},435000
10000,30,{(-1.72;1.2);(1;-1.2)},434550
10000,30,{(-1.72;1.2);(1;-1.2)},434939
10000,30,{(-0.7;0);(0.3;-1)},792667
10000,30,{(-0.7;0);(0.3;-1)},793202
10000,30,{(-0.7;0);(0.3;-1)},792467
10000,30,{(-0.7;0);(0.3;-1)},792674
10000,30,{(-0.4;-0.5);(0.1;-1)},695108
10000,30,{(-0.4;-0.5);(0.1;-1)},695490
10000,30,{(-0.4;-0.5);(0.1;-1)},695395
10000,30,{(-0.4;-0.5);(0.1;-1)},695688
10000,30,{(-0.4;-0.6);(-0.2;-0.8)},656601
10000,30,{(-0.4;-0.6);(-0.2;-0.8)},655789
10000,30,{(-0.4;-0.6);(-0.2;-0.8)},656067
10000,30,{(-0.4;-0.6);(-0.2;-0.8)},656557
10000,30,{(-0.24;-0.64);(-0.26;-0.66)},962253
10000,30,{(-0.24;-0.64);(-0.26;-0.66)},961859
10000,30,{(-0.24;-0.64);(-0.26;-0.66)},962182
10000,30,{(-0.24;-0.64);(-0.26;-0.66)},961973
10000,80,{(-1.72;1.2);(1;-1.2)},843032
10000,80,{(-1.72;1.2);(1;-1.2)},843382
10000,80,{(-1.72;1.2);(1;-1.2)},843140
10000,80,{(-1.72;1.2);(1;-1.2)},843725
10000,80,{(-0.7;0);(0.3;-1)},1831311
10000,80,{(-0.7;0);(0.3;-1)},1831312
10000,80,{(-0.7;0);(0.3;-1)},1831791
10000,80,{(-0.7;0);(0.3;-1)},1831487
10000,80,{(-0.4;-0.5);(0.1;-1)},1433776
10000,80,{(-0.4;-0.5);(0.1;-1)},1434170
10000,80,{(-0.4;-0.5);(0.1;-1)},1433184
10000,80,{(-0.4;-0.5);(0.1;-1)},1433671
10000,80,{(-0.4;-0.6);(-0.2;-0.8)},1175236
10000,80,{(-0.4;-0.6);(-0.2;-0.8)},1175399
10000,80,{(-0.4;-0.6);(-0.2;-0.8)},1175133
10000,80,{(-0.4;-0.6);(-0.2;-0.8)},1175127
10000,80,{(-0.24;-0.64);(-0.26;-0.66)},1838745
10000,80,{(-0.24;-0.64);(-0.26;-0.66)},1838754
10000,80,{(-0.24;-0.64);(-0.26;-0.66)},1838019
10000,80,{(-0.24;-0.64);(-0.26;-0.66)},1838102
10000,150,{(-1.72;1.2);(1;-1.2)},1404534
10000,150,{(-1.72;1.2);(1;-1.2)},1405526
10000,150,{(-1.72;1.2);(1;-1.2)},1404403
10000,150,{(-1.72;1.2);(1;-1.2)},1404353
10000,150,{(-0.7;0);(0.3;-1)},3266093
10000,150,{(-0.7;0);(0.3;-1)},3266197
10000,150,{(-0.7;0);(0.3;-1)},3266556
10000,150,{(-0.7;0);(0.3;-1)},3265823
10000,150,{(-0.4;-0.5);(0.1;-1)},2428456
10000,150,{(-0.4;-0.5);(0.1;-1)},2428408
10000,150,{(-0.4;-0.5);(0.1;-1)},2427624
10000,150,{(-0.4;-0.5);(0.1;-1)},2428781
10000,150,{(-0.4;-0.6);(-0.2;-0.8)},1838803
10000,150,{(-0.4;-0.6);(-0.2;-0.8)},1839040
10000,150,{(-0.4;-0.6);(-0.2;-0.8)},1838016
10000,150,{(-0.4;-0.6);(-0.2;-0.8)},1838681
10000,150,{(-0.24;-0.64);(-0.26;-0.66)},2853791
10000,150,{(-0.24;-0.64);(-0.26;-0.66)},2853557
10000,150,{(-0.24;-0.64);(-0.26;-0.66)},2853680
10000,150,{(-0.24;-0.64);(-0.26;-0.66)},2852907
10000,250,{(-1.72;1.2);(1;-1.2)},2193568
10000,250,{(-1.72;1.2);(1;-1.2)},2194651
10000,250,{(-1.72;1.2);(1;-1.2)},2193850
10000,250,{(-1.72;1.2);(1;-1.2)},2193340
10000,250,{(-0.7;0);(0.3;-1)},5289529
10000,250,{(-0.7;0);(0.3;-1)},5290520
10000,250,{(-0.7;0);(0.3;-1)},5290105
10000,250,{(-0.7;0);(0.3;-1)},5290090
10000,250,{(-0.4;-0.5);(0.1;-1)},3810278
10000,250,{(-0.4;-0.5);(0.1;-1)},3809551
10000,250,{(-0.4;-0.5);(0.1;-1)},3810718
10000,250,{(-0.4;-0.5);(0.1;-1)},3810139
10000,250,{(-0.4;-0.6);(-0.2;-0.8)},2690304
10000,250,{(-0.4;-0.6);(-0.2;-0.8)},2690662
10000,250,{(-0.4;-0.6);(-0.2;-0.8)},2690568
10000,250,{(-0.4;-0.6);(-0.2;-0.8)},2690534
10000,250,{(-0.24;-0.64);(-0.26;-0.66)},4184358
10000,250,{(-0.24;-0.64);(-0.26;-0.66)},4184955
10000,250,{(-0.24;-0.64);(-0.26;-0.66)},4185324
10000,250,{(-0.24;-0.64);(-0.26;-0.66)},4184528
10000,500,{(-1.72;1.2);(1;-1.2)},4185801
10000,500,{(-1.72;1.2);(1;-1.2)},4187075
10000,500,{(-1.72;1.2);(1;-1.2)},4186995
10000,500,{(-1.72;1.2);(1;-1.2)},4186786
10000,500,{(-0.7;0);(0.3;-1)},10352859
10000,500,{(-0.7;0);(0.3;-1)},10351952
10000,500,{(-0.7;0);(0.3;-1)},10351718
10000,500,{(-0.7;0);(0.3;-1)},10352781
10000,500,{(-0.4;-0.5);(0.1;-1)},7236561
10000,500,{(-0.4;-0.5);(0.1;-1)},7237187
10000,500,{(-0.4;-0.5);(0.1;-1)},7236625
10000,500,{(-0.4;-0.5);(0.1;-1)},7237425
10000,500,{(-0.4;-0.6);(-0.2;-0.8)},4675010
10000,500,{(-0.4;-0.6);(-0.2;-0.8)},4674430
10000,500,{(-0.4;-0.6);(-0.2;-0.8)},4674062
10000,500,{(-0.4;-0.6);(-0.2;-0.8)},4675118
10000,500,{(-0.24;-0.64);(-0.26;-0.66)},6803651
10000,500,{(-0.24;-0.64);(-0.26;-0.66)},6804894
10000,500,{(-0.24;-0.64);(-0.26;-0.66)},6803891
10000,500,{(-0.24;-0.64);(-0.26;-0.66)},6804936
10000,1000,{(-1.72;1.2);(1;-1.2)},8082424
10000,1000,{(-0.7;0);(0.3;-1)},20334937
10000,1000,{(-0.4;-0.5);(0.1;-1)},13869505
10000,1000,{(-0.4;-0.6);(-0.2;-0.8)},8190506
10000,1000,{(-0.24;-0.64);(-0.26;-0.66)},9843292
10000,2000,{(-1.72;1.2);(1;-1.2)},15853596
10000,2000,{(-0.7;0);(0.3;-1)},40243450
10000,2000,{(-0.4;-0.5);(0.1;-1)},26991570
10000,2000,{(-0.4;-0.6);(-0.2;-0.8)},14875189
10000,2000,{(-0.24;-0.64);(-0.26;-0.66)},13898600
10000,8000,{(-1.72;1.2);(1;-1.2)},62436651
10000,8000,{(-0.7;0);(0.3;-1)},159514854
10000,8000,{(-0.4;-0.5);(0.1;-1)},105299990
10000,8000,{(-0.4;-0.6);(-0.2;-0.8)},53833610
10000,8000,{(-0.24;-0.64);(-0.26;-0.66)},33872952
