Thrust#1,128,3.40625,1015190
Thrust#1,128,3.0625,177
Thrust#1,128,3.15625,286
Thrust#1,128,3.0625,238
Thrust#1,128,3.09375,261
Thrust#1,128,3.0625,238
Thrust#1,128,3.28125,235
Thrust#1,128,3.0625,247
Thrust#1,128,3.28125,243
Thrust#1,128,3.34375,236
Thrust#1,128,3.34375,222
Thrust#1,128,3.34375,229
Thrust#1,128,3.53125,244
Thrust#1,128,3.0625,237
Thrust#1,128,2.9375,229
Thrust#1,128,3.21875,251
Thrust#1,128,3.0625,239
Thrust#1,128,3.09375,234
Thrust#1,128,3.375,238
Thrust#1,128,3.09375,303
Thrust#1,128,3.28125,252
Thrust#1,128,3.15625,211
Thrust#1,128,3.21875,373
Thrust#1,128,3.25,172
Thrust#1,128,3.09375,226
Thrust#1,128,3.1875,675
Thrust#1,128,3.28125,433
Thrust#1,128,3.1875,277
Thrust#1,128,3.0625,178
Thrust#1,128,3.25,183
Thrust#1,128,3.34375,204
Thrust#1,128,3.0625,168
Thrust#1,128,3.15625,159
Thrust#1,128,3.28125,165
Thrust#1,128,3.4375,165
Thrust#1,128,2.78125,157
Thrust#1,128,3.03125,3500
Thrust#1,128,3.21875,777
Thrust#1,128,3.21875,238
Thrust#1,128,3.03125,192
Thrust#1,128,3.3125,242
Thrust#1,128,3.125,425
Thrust#1,128,3.03125,171
Thrust#1,128,3.21875,168
Thrust#1,128,3.3125,170
Thrust#1,128,3.0625,165
Thrust#1,128,3.09375,164
Thrust#1,128,3.25,163
Thrust#1,128,3.1875,159
Thrust#1,128,3.21875,174
Thrust#1,128,3.125,162
Thrust#1,128,3.09375,159
Thrust#1,128,3.375,199
Thrust#1,128,2.96875,163
Thrust#1,128,3,157
Thrust#1,128,3.21875,161
Thrust#1,128,3.125,157
Thrust#1,128,3.125,158
Thrust#1,128,3.0625,164
Thrust#1,128,3.1875,158
Thrust#1,128,3.21875,160
Thrust#1,128,3.09375,161
Thrust#1,128,3.09375,162
Thrust#1,128,3.21875,160
Thrust#1,128,3.09375,157
Thrust#1,128,3.21875,172
Thrust#1,128,3.3125,170
Thrust#1,128,2.96875,157
Thrust#1,128,3.15625,159
Thrust#1,128,3.3125,165
Thrust#1,128,3.125,158
Thrust#1,128,3.125,161
Thrust#1,128,2.96875,159
Thrust#1,128,3.125,160
Thrust#1,128,3.21875,160
Thrust#1,128,3.125,157
Thrust#1,128,3.0625,157
Thrust#1,128,3.15625,163
Thrust#1,128,3.125,158
Thrust#1,128,3.28125,157
Thrust#1,128,3.28125,160
Thrust#1,128,2.9375,164
Thrust#1,128,3.09375,162
Thrust#1,128,3.15625,165
Thrust#1,128,3.3125,169
Thrust#1,128,3.25,162
Thrust#1,128,3.09375,161
Thrust#1,128,3.15625,161
Thrust#1,128,2.96875,164
Thrust#1,128,3.09375,160
Thrust#1,128,3.25,169
Thrust#1,128,3.3125,159
Thrust#1,128,3.21875,157
Thrust#1,128,3.375,172
Thrust#1,128,3.0625,160
Thrust#1,128,2.90625,157
Thrust#1,128,3.21875,162
Thrust#1,128,2.875,160
Thrust#1,128,3.25,157
Thrust#1,128,3.1875,163
Thrust#1,128,3.4375,157
Thrust#1,256,3.14062,241
Thrust#1,256,3.04688,245
Thrust#1,256,3.14062,250
Thrust#1,256,3.40625,247
Thrust#1,256,3.23438,240
Thrust#1,256,3.10938,238
Thrust#1,256,3.09375,244
Thrust#1,256,3.10938,235
Thrust#1,256,3.25,243
Thrust#1,256,3.15625,239
Thrust#1,256,3.17188,239
Thrust#1,256,3.23438,240
Thrust#1,256,3.03125,243
Thrust#1,256,3.1875,238
Thrust#1,256,3.23438,246
Thrust#1,256,3.03125,274
Thrust#1,256,3.09375,384
Thrust#1,256,3.17188,401
Thrust#1,256,3.20312,361
Thrust#1,256,3.09375,324
Thrust#1,256,2.96875,355
Thrust#1,256,3.17188,376
Thrust#1,256,3.1875,277
Thrust#1,256,3.03125,308
Thrust#1,256,3,260
Thrust#1,256,3.09375,255
Thrust#1,256,3.26562,239
Thrust#1,256,3.3125,445
Thrust#1,256,3.125,400
Thrust#1,256,3.14062,323
Thrust#1,256,2.96875,267
Thrust#1,256,3.1875,262
Thrust#1,256,2.96875,275
Thrust#1,256,2.9375,344
Thrust#1,256,3.03125,323
Thrust#1,256,3.04688,303
Thrust#1,256,3.04688,246
Thrust#1,256,3.25,253
Thrust#1,256,3.14062,236
Thrust#1,256,3.1875,243
Thrust#1,256,3.15625,241
Thrust#1,256,3.26562,238
Thrust#1,256,3.04688,246
Thrust#1,256,3.29688,243
Thrust#1,256,3.0625,240
Thrust#1,256,3.09375,242
Thrust#1,256,3.10938,246
Thrust#1,256,3.28125,269
Thrust#1,256,3.3125,272
Thrust#1,256,3.0625,265
Thrust#1,256,3.15625,242
Thrust#1,256,3.17188,239
Thrust#1,256,3.0625,238
Thrust#1,256,3.17188,243
Thrust#1,256,3.125,237
Thrust#1,256,3.14062,366
Thrust#1,256,3.04688,372
Thrust#1,256,3.26562,393
Thrust#1,256,3.14062,475
Thrust#1,256,3.20312,1512
Thrust#1,256,3.03125,397
Thrust#1,256,3.17188,329
Thrust#1,256,3.25,275
Thrust#1,256,3.15625,262
Thrust#1,256,3.07812,268
Thrust#1,256,3.10938,276
Thrust#1,256,3.25,254
Thrust#1,256,3.14062,250
Thrust#1,256,3.17188,253
Thrust#1,256,2.95312,242
Thrust#1,256,2.98438,273
Thrust#1,256,3.17188,403
Thrust#1,256,3.20312,384
Thrust#1,256,3.01562,269
Thrust#1,256,3.04688,261
Thrust#1,256,3.125,260
Thrust#1,256,3.03125,247
Thrust#1,256,3.0625,245
Thrust#1,256,2.96875,317
Thrust#1,256,3.125,235
Thrust#1,256,3.09375,267
Thrust#1,256,3.3125,256
Thrust#1,256,3.15625,281
Thrust#1,256,3.01562,239
Thrust#1,256,3.26562,239
Thrust#1,256,3.29688,234
Thrust#1,256,3.09375,237
Thrust#1,256,3.20312,244
Thrust#1,256,3.29688,238
Thrust#1,256,3.04688,237
Thrust#1,256,3.15625,241
Thrust#1,256,3.0625,234
Thrust#1,256,3.0625,239
Thrust#1,256,3.21875,238
Thrust#1,256,3.20312,239
Thrust#1,256,3.21875,237
Thrust#1,256,3.125,245
Thrust#1,256,3.14062,247
Thrust#1,256,3.07812,243
Thrust#1,256,3.1875,244
Thrust#1,512,3.21094,236
Thrust#1,512,3.3125,248
Thrust#1,512,3.15625,252
Thrust#1,512,3.1875,242
Thrust#1,512,3.08594,233
Thrust#1,512,3.24219,241
Thrust#1,512,3.125,241
Thrust#1,512,3.25781,238
Thrust#1,512,3.1875,249
Thrust#1,512,3.13281,239
Thrust#1,512,3.19531,234
Thrust#1,512,3.20312,253
Thrust#1,512,3.15625,245
Thrust#1,512,3.125,236
Thrust#1,512,3.03906,235
Thrust#1,512,3.22656,246
Thrust#1,512,3.15625,238
Thrust#1,512,3.16406,234
Thrust#1,512,3.125,245
Thrust#1,512,3.16406,239
Thrust#1,512,3.15625,233
Thrust#1,512,3.07812,246
Thrust#1,512,3.14844,247
Thrust#1,512,3.1875,234
Thrust#1,512,3.07031,235
Thrust#1,512,3.21875,239
Thrust#1,512,3.09375,251
Thrust#1,512,3.08594,242
Thrust#1,512,3.14062,238
Thrust#1,512,3.17969,249
Thrust#1,512,3.16406,236
Thrust#1,512,2.99219,245
Thrust#1,512,3.13281,242
Thrust#1,512,3.10938,238
Thrust#1,512,3.1875,237
Thrust#1,512,3.08594,237
Thrust#1,512,3.11719,260
Thrust#1,512,3.16406,239
Thrust#1,512,2.94531,271
Thrust#1,512,3.13281,249
Thrust#1,512,3.0625,240
Thrust#1,512,3.15625,242
Thrust#1,512,3.09375,235
Thrust#1,512,3.10938,242
Thrust#1,512,3.13281,340
Thrust#1,512,3.04688,325
Thrust#1,512,3.09375,252
Thrust#1,512,3.14844,257
Thrust#1,512,3.04688,557
Thrust#1,512,3.11719,256
Thrust#1,512,3.17969,242
Thrust#1,512,3.07812,234
Thrust#1,512,3.20312,253
Thrust#1,512,3.25781,246
Thrust#1,512,3.26562,239
Thrust#1,512,3.07031,248
Thrust#1,512,3.125,246
Thrust#1,512,3.19531,235
Thrust#1,512,3.20312,246
Thrust#1,512,3.08594,252
Thrust#1,512,3.16406,243
Thrust#1,512,3.03125,241
Thrust#1,512,3.125,287
Thrust#1,512,3.14844,241
Thrust#1,512,3.09375,237
Thrust#1,512,3.11719,250
Thrust#1,512,3.1875,240
Thrust#1,512,3.17969,234
Thrust#1,512,2.95312,241
Thrust#1,512,3.09375,239
Thrust#1,512,3.21875,246
Thrust#1,512,3.22656,240
Thrust#1,512,3.15625,246
Thrust#1,512,3.14062,241
Thrust#1,512,3.10156,245
Thrust#1,512,3.0625,254
Thrust#1,512,3.07031,367
Thrust#1,512,3.17188,382
Thrust#1,512,3.23438,1449
Thrust#1,512,3.14062,258
Thrust#1,512,3.125,250
Thrust#1,512,3.11719,249
Thrust#1,512,3.03125,240
Thrust#1,512,3.10156,320
Thrust#1,512,3.125,401
Thrust#1,512,3.22656,401
Thrust#1,512,3.1875,553
Thrust#1,512,3.13281,307
Thrust#1,512,3.125,265
Thrust#1,512,3.125,249
Thrust#1,512,3.05469,270
Thrust#1,512,3.10156,259
Thrust#1,512,3.25,283
Thrust#1,512,3.17188,262
Thrust#1,512,3.09375,252
Thrust#1,512,3.10938,258
Thrust#1,512,3.16406,241
Thrust#1,512,3.14062,243
Thrust#1,512,3.19531,236
Thrust#1,512,3.14062,248
Thrust#1,1024,3.12109,245
Thrust#1,1024,3.08984,244
Thrust#1,1024,3.15625,242
Thrust#1,1024,3.19531,246
Thrust#1,1024,3.14453,242
Thrust#1,1024,3.02734,239
Thrust#1,1024,3.16016,239
Thrust#1,1024,3.125,245
Thrust#1,1024,3.17188,236
Thrust#1,1024,3.07031,275
Thrust#1,1024,3.1875,239
Thrust#1,1024,3.14062,241
Thrust#1,1024,3.10938,241
Thrust#1,1024,3.11328,243
Thrust#1,1024,3.14453,239
Thrust#1,1024,3.08984,243
Thrust#1,1024,3.16797,455
Thrust#1,1024,3.19922,410
Thrust#1,1024,3.19922,260
Thrust#1,1024,3.21875,281
Thrust#1,1024,3.13672,264
Thrust#1,1024,3.08203,272
Thrust#1,1024,3.15234,260
Thrust#1,1024,3.08594,260
Thrust#1,1024,3.13281,256
Thrust#1,1024,3.18359,269
Thrust#1,1024,3.16406,271
Thrust#1,1024,3.05859,255
Thrust#1,1024,3.07812,261
Thrust#1,1024,3.17969,259
Thrust#1,1024,3.10547,252
Thrust#1,1024,3.16016,260
Thrust#1,1024,3.19141,279
Thrust#1,1024,3.10547,257
Thrust#1,1024,3.17188,253
Thrust#1,1024,3.20703,268
Thrust#1,1024,3.09766,259
Thrust#1,1024,3.10547,269
Thrust#1,1024,3.28516,252
Thrust#1,1024,3.20703,252
Thrust#1,1024,3.17969,252
Thrust#1,1024,3.18359,261
Thrust#1,1024,3.21094,252
Thrust#1,1024,3.14844,259
Thrust#1,1024,3.23047,327
Thrust#1,1024,3.1875,269
Thrust#1,1024,3.10938,259
Thrust#1,1024,3.13281,260
Thrust#1,1024,3.17188,252
Thrust#1,1024,3.11719,259
Thrust#1,1024,3.07812,260
Thrust#1,1024,3.14844,268
Thrust#1,1024,3.13672,252
Thrust#1,1024,3.10547,268
Thrust#1,1024,3.11719,253
Thrust#1,1024,3.07422,259
Thrust#1,1024,3.24609,285
Thrust#1,1024,3.14062,244
Thrust#1,1024,3.08984,238
Thrust#1,1024,3.13281,245
Thrust#1,1024,3.11328,241
Thrust#1,1024,3.17578,240
Thrust#1,1024,3.16406,241
Thrust#1,1024,3.17188,245
Thrust#1,1024,3.19922,237
Thrust#1,1024,3.23047,243
Thrust#1,1024,3.09375,241
Thrust#1,1024,2.94531,240
Thrust#1,1024,3.20703,243
Thrust#1,1024,3.14062,243
Thrust#1,1024,3.12109,239
Thrust#1,1024,3.11719,241
Thrust#1,1024,3.18359,250
Thrust#1,1024,3.25391,246
Thrust#1,1024,3.13281,237
Thrust#1,1024,3.13672,243
Thrust#1,1024,3.12109,240
Thrust#1,1024,3.23438,246
Thrust#1,1024,3.11328,480
Thrust#1,1024,3.1875,320
Thrust#1,1024,3.23828,264
Thrust#1,1024,3.14062,261
Thrust#1,1024,3.11328,259
Thrust#1,1024,3.13281,260
Thrust#1,1024,3.17188,259
Thrust#1,1024,3.15625,252
Thrust#1,1024,3.19531,259
Thrust#1,1024,3.12891,252
Thrust#1,1024,3.13281,269
Thrust#1,1024,3.15625,251
Thrust#1,1024,3.08594,271
Thrust#1,1024,3.05469,252
Thrust#1,1024,3.06641,260
Thrust#1,1024,3.12109,252
Thrust#1,1024,3.16406,259
Thrust#1,1024,3.15234,262
Thrust#1,1024,3.11328,252
Thrust#1,1024,3.22266,252
Thrust#1,1024,3.08984,261
Thrust#1,1024,3.06641,252
Thrust#1,2048,3.24219,269
Thrust#1,2048,3.13281,248
Thrust#1,2048,3.16992,289
Thrust#1,2048,3.08008,256
Thrust#1,2048,3.16211,270
Thrust#1,2048,3.14453,257
Thrust#1,2048,3.15625,260
Thrust#1,2048,3.16211,264
Thrust#1,2048,3.11328,265
Thrust#1,2048,3.14453,266
Thrust#1,2048,3.18164,291
Thrust#1,2048,3.18164,266
Thrust#1,2048,3.08789,263
Thrust#1,2048,3.16406,251
Thrust#1,2048,3.16602,264
Thrust#1,2048,3.14648,266
Thrust#1,2048,3.10742,257
Thrust#1,2048,3.11133,267
Thrust#1,2048,3.12109,266
Thrust#1,2048,3.16211,264
Thrust#1,2048,3.19727,249
Thrust#1,2048,3.10352,277
Thrust#1,2048,3.13477,249
Thrust#1,2048,3.0957,245
Thrust#1,2048,3.07617,249
Thrust#1,2048,3.09375,244
Thrust#1,2048,3.05273,307
Thrust#1,2048,3.14062,244
Thrust#1,2048,3.13867,252
Thrust#1,2048,3.12305,247
Thrust#1,2048,3.2207,249
Thrust#1,2048,3.16406,246
Thrust#1,2048,3.10742,246
Thrust#1,2048,3.0918,245
Thrust#1,2048,3.12695,251
Thrust#1,2048,3.17773,245
Thrust#1,2048,3.13477,257
Thrust#1,2048,3.07617,294
Thrust#1,2048,3.19922,246
Thrust#1,2048,3.15039,308
Thrust#1,2048,3.11914,1689
Thrust#1,2048,3.10352,306
Thrust#1,2048,3.1582,288
Thrust#1,2048,3.13672,268
Thrust#1,2048,3.14844,260
Thrust#1,2048,3.17773,262
Thrust#1,2048,3.08203,265
Thrust#1,2048,3.14648,248
Thrust#1,2048,3.05859,259
Thrust#1,2048,3.14258,259
Thrust#1,2048,3.05859,267
Thrust#1,2048,3.14258,259
Thrust#1,2048,3.11328,266
Thrust#1,2048,3.13281,298
Thrust#1,2048,3.04883,265
Thrust#1,2048,3.16992,266
Thrust#1,2048,3.14844,281
Thrust#1,2048,3.14648,259
Thrust#1,2048,3.24023,339
Thrust#1,2048,3.13672,311
Thrust#1,2048,3.14844,262
Thrust#1,2048,3.14648,265
Thrust#1,2048,3.16406,258
Thrust#1,2048,3.1582,257
Thrust#1,2048,3.17188,256
Thrust#1,2048,3.16406,257
Thrust#1,2048,3.16797,267
Thrust#1,2048,3.17188,266
Thrust#1,2048,3.12891,289
Thrust#1,2048,3.18164,267
Thrust#1,2048,3.14062,265
Thrust#1,2048,3.15039,258
Thrust#1,2048,3.16602,260
Thrust#1,2048,3.13867,256
Thrust#1,2048,3.11719,257
Thrust#1,2048,3.16797,246
Thrust#1,2048,3.17578,249
Thrust#1,2048,3.15625,282
Thrust#1,2048,3.20117,249
Thrust#1,2048,3.13086,247
Thrust#1,2048,3.18945,248
Thrust#1,2048,3.14258,247
Thrust#1,2048,3.17969,250
Thrust#1,2048,3.13477,558
Thrust#1,2048,3.0957,248
Thrust#1,2048,3.12891,244
Thrust#1,2048,3.07617,252
Thrust#1,2048,3.20117,244
Thrust#1,2048,3.14844,249
Thrust#1,2048,3.20508,246
Thrust#1,2048,3.11523,250
Thrust#1,2048,3.1543,243
Thrust#1,2048,3.16406,249
Thrust#1,2048,3.07031,412
Thrust#1,2048,3.09766,490
Thrust#1,2048,3.08984,267
Thrust#1,2048,3.16602,290
Thrust#1,2048,3.13867,276
Thrust#1,2048,3.16406,258
Thrust#1,2048,3.08984,273
Thrust#1,4096,3.13574,271
Thrust#1,4096,3.17578,282
Thrust#1,4096,3.19824,272
Thrust#1,4096,3.1582,282
Thrust#1,4096,3.10547,271
Thrust#1,4096,3.13477,273
Thrust#1,4096,3.20312,282
Thrust#1,4096,3.1582,271
Thrust#1,4096,3.16992,274
Thrust#1,4096,3.14941,280
Thrust#1,4096,3.16992,272
Thrust#1,4096,3.17188,282
Thrust#1,4096,3.13672,270
Thrust#1,4096,3.21289,282
Thrust#1,4096,3.17578,279
Thrust#1,4096,3.15625,298
Thrust#1,4096,3.14062,272
Thrust#1,4096,3.14551,281
Thrust#1,4096,3.12891,271
Thrust#1,4096,3.16797,282
Thrust#1,4096,3.10449,281
Thrust#1,4096,3.15527,270
Thrust#1,4096,3.11816,281
Thrust#1,4096,3.13086,280
Thrust#1,4096,3.11621,271
Thrust#1,4096,3.1582,280
Thrust#1,4096,3.09961,274
Thrust#1,4096,3.15723,271
Thrust#1,4096,3.13477,280
Thrust#1,4096,3.14746,280
Thrust#1,4096,3.13574,271
Thrust#1,4096,3.12402,282
Thrust#1,4096,3.11328,271
Thrust#1,4096,3.14551,294
Thrust#1,4096,3.1709,257
Thrust#1,4096,3.12598,264
Thrust#1,4096,3.15137,261
Thrust#1,4096,3.10254,266
Thrust#1,4096,3.19141,261
Thrust#1,4096,3.17969,279
Thrust#1,4096,3.09863,257
Thrust#1,4096,3.125,270
Thrust#1,4096,3.12598,260
Thrust#1,4096,3.12598,264
Thrust#1,4096,3.13086,260
Thrust#1,4096,3.12012,265
Thrust#1,4096,3.16602,257
Thrust#1,4096,3.17871,264
Thrust#1,4096,3.16699,257
Thrust#1,4096,3.13086,267
Thrust#1,4096,3.11426,260
Thrust#1,4096,3.07031,613
Thrust#1,4096,3.14062,334
Thrust#1,4096,3.09863,293
Thrust#1,4096,3.17676,274
Thrust#1,4096,3.17383,280
Thrust#1,4096,3.11523,271
Thrust#1,4096,3.16211,274
Thrust#1,4096,3.07422,269
Thrust#1,4096,3.1582,279
Thrust#1,4096,3.15137,271
Thrust#1,4096,3.11816,283
Thrust#1,4096,3.13965,272
Thrust#1,4096,3.17383,275
Thrust#1,4096,3.16113,270
Thrust#1,4096,3.16504,273
Thrust#1,4096,3.17578,272
Thrust#1,4096,3.16797,295
Thrust#1,4096,3.10547,272
Thrust#1,4096,3.1582,272
Thrust#1,4096,3.15527,271
Thrust#1,4096,3.18652,294
Thrust#1,4096,3.1416,264
Thrust#1,4096,3.14453,265
Thrust#1,4096,3.11328,292
Thrust#1,4096,3.10059,268
Thrust#1,4096,3.17871,273
Thrust#1,4096,3.11426,271
Thrust#1,4096,3.16602,266
Thrust#1,4096,3.11523,263
Thrust#1,4096,3.13184,288
Thrust#1,4096,3.13281,273
Thrust#1,4096,3.13086,271
Thrust#1,4096,3.11426,271
Thrust#1,4096,3.11914,265
Thrust#1,4096,3.14941,265
Thrust#1,4096,3.15625,264
Thrust#1,4096,3.16992,265
Thrust#1,4096,3.15137,265
Thrust#1,4096,3.11426,263
Thrust#1,4096,3.15137,323
Thrust#1,4096,3.13477,257
Thrust#1,4096,3.1709,260
Thrust#1,4096,3.10352,262
Thrust#1,4096,3.09961,266
Thrust#1,4096,3.08301,268
Thrust#1,4096,3.12695,254
Thrust#1,4096,3.14648,262
Thrust#1,4096,3.17773,256
Thrust#1,4096,3.13379,259
Thrust#1,8192,3.16113,328
Thrust#1,8192,3.10498,325
Thrust#1,8192,3.13135,328
Thrust#1,8192,3.14502,321
Thrust#1,8192,3.12012,331
Thrust#1,8192,3.16064,327
Thrust#1,8192,3.15479,335
Thrust#1,8192,3.14014,417
Thrust#1,8192,3.11133,1573
Thrust#1,8192,3.16846,412
Thrust#1,8192,3.14453,342
Thrust#1,8192,3.16357,345
Thrust#1,8192,3.13867,345
Thrust#1,8192,3.17822,352
Thrust#1,8192,3.12402,330
Thrust#1,8192,3.13818,347
Thrust#1,8192,3.13721,334
Thrust#1,8192,3.14307,338
Thrust#1,8192,3.13721,338
Thrust#1,8192,3.14795,338
Thrust#1,8192,3.14551,336
Thrust#1,8192,3.14453,337
Thrust#1,8192,3.16016,337
Thrust#1,8192,3.146,336
Thrust#1,8192,3.14258,337
Thrust#1,8192,3.13379,338
Thrust#1,8192,3.1499,337
Thrust#1,8192,3.15332,336
Thrust#1,8192,3.15479,337
Thrust#1,8192,3.14941,347
Thrust#1,8192,3.1416,467
Thrust#1,8192,3.12354,337
Thrust#1,8192,3.12939,337
Thrust#1,8192,3.15576,336
Thrust#1,8192,3.16064,335
Thrust#1,8192,3.14844,345
Thrust#1,8192,3.12842,334
Thrust#1,8192,3.1582,328
Thrust#1,8192,3.15234,423
Thrust#1,8192,3.11523,328
Thrust#1,8192,3.12109,326
Thrust#1,8192,3.15186,326
Thrust#1,8192,3.14893,326
Thrust#1,8192,3.13525,330
Thrust#1,8192,3.15186,324
Thrust#1,8192,3.15381,330
Thrust#1,8192,3.15137,387
Thrust#1,8192,3.16309,322
Thrust#1,8192,3.14941,324
Thrust#1,8192,3.11865,338
Thrust#1,8192,3.16406,552
Thrust#1,8192,3.13916,389
Thrust#1,8192,3.13965,345
Thrust#1,8192,3.1377,336
Thrust#1,8192,3.11768,338
Thrust#1,8192,3.14502,345
Thrust#1,8192,3.13232,346
Thrust#1,8192,3.12451,339
Thrust#1,8192,3.13916,342
Thrust#1,8192,3.10107,337
Thrust#1,8192,3.13184,337
Thrust#1,8192,3.13672,337
Thrust#1,8192,3.15674,337
Thrust#1,8192,3.09229,346
Thrust#1,8192,3.13574,338
Thrust#1,8192,3.13525,361
Thrust#1,8192,3.14746,338
Thrust#1,8192,3.13281,345
Thrust#1,8192,3.14453,336
Thrust#1,8192,3.1416,336
Thrust#1,8192,3.15381,337
Thrust#1,8192,3.14453,346
Thrust#1,8192,3.1626,336
Thrust#1,8192,3.14307,336
Thrust#1,8192,3.12793,336
Thrust#1,8192,3.10693,345
Thrust#1,8192,3.15137,345
Thrust#1,8192,3.18506,346
Thrust#1,8192,3.16162,335
Thrust#1,8192,3.17432,335
Thrust#1,8192,3.1084,353
Thrust#1,8192,3.14258,354
Thrust#1,8192,3.11572,336
Thrust#1,8192,3.12793,339
Thrust#1,8192,3.16309,331
Thrust#1,8192,3.14062,323
Thrust#1,8192,3.15039,332
Thrust#1,8192,3.13037,327
Thrust#1,8192,3.1377,620
Thrust#1,8192,3.15137,342
Thrust#1,8192,3.14795,330
Thrust#1,8192,3.13916,323
Thrust#1,8192,3.1167,328
Thrust#1,8192,3.11914,326
Thrust#1,8192,3.14014,321
Thrust#1,8192,3.146,337
Thrust#1,8192,3.14893,570
Thrust#1,8192,3.1499,413
Thrust#1,8192,3.13135,334
Thrust#1,8192,3.13623,338
Thrust#1,16384,3.1394,492
Thrust#1,16384,3.15869,476
Thrust#1,16384,3.11621,483
Thrust#1,16384,3.14893,481
Thrust#1,16384,3.14429,473
Thrust#1,16384,3.15015,474
Thrust#1,16384,3.14941,473
Thrust#1,16384,3.16919,474
Thrust#1,16384,3.14282,474
Thrust#1,16384,3.15991,484
Thrust#1,16384,3.13647,473
Thrust#1,16384,3.13086,483
Thrust#1,16384,3.11743,482
Thrust#1,16384,3.15625,489
Thrust#1,16384,3.15894,473
Thrust#1,16384,3.15405,474
Thrust#1,16384,3.14478,472
Thrust#1,16384,3.14575,470
Thrust#1,16384,3.14014,484
Thrust#1,16384,3.13696,472
Thrust#1,16384,3.15308,483
Thrust#1,16384,3.12524,497
Thrust#1,16384,3.13477,457
Thrust#1,16384,3.13428,467
Thrust#1,16384,3.14429,465
Thrust#1,16384,3.14648,468
Thrust#1,16384,3.15234,465
Thrust#1,16384,3.16064,460
Thrust#1,16384,3.13696,457
Thrust#1,16384,3.17065,460
Thrust#1,16384,3.14526,463
Thrust#1,16384,3.13208,468
Thrust#1,16384,3.15161,474
Thrust#1,16384,3.12866,586
Thrust#1,16384,3.14136,1789
Thrust#1,16384,3.14722,535
Thrust#1,16384,3.13574,470
Thrust#1,16384,3.14185,476
Thrust#1,16384,3.14722,482
Thrust#1,16384,3.12451,481
Thrust#1,16384,3.14966,506
Thrust#1,16384,3.14746,475
Thrust#1,16384,3.12866,470
Thrust#1,16384,3.14062,475
Thrust#1,16384,3.13965,516
Thrust#1,16384,3.12573,490
Thrust#1,16384,3.15112,481
Thrust#1,16384,3.14087,483
Thrust#1,16384,3.12891,482
Thrust#1,16384,3.1189,474
Thrust#1,16384,3.15576,471
Thrust#1,16384,3.1272,482
Thrust#1,16384,3.12451,475
Thrust#1,16384,3.15234,457
Thrust#1,16384,3.14575,468
Thrust#1,16384,3.1582,458
Thrust#1,16384,3.15332,458
Thrust#1,16384,3.16162,464
Thrust#1,16384,3.12744,465
Thrust#1,16384,3.14746,465
Thrust#1,16384,3.13794,465
Thrust#1,16384,3.15234,467
Thrust#1,16384,3.1394,461
Thrust#1,16384,3.13794,467
Thrust#1,16384,3.13916,861
Thrust#1,16384,3.1438,485
Thrust#1,16384,3.15674,484
Thrust#1,16384,3.1438,478
Thrust#1,16384,3.12402,475
Thrust#1,16384,3.1355,469
Thrust#1,16384,3.14038,477
Thrust#1,16384,3.14526,471
Thrust#1,16384,3.15308,494
Thrust#1,16384,3.13184,469
Thrust#1,16384,3.16553,474
Thrust#1,16384,3.13892,480
Thrust#1,16384,3.12744,486
Thrust#1,16384,3.14062,480
Thrust#1,16384,3.1311,483
Thrust#1,16384,3.13306,471
Thrust#1,16384,3.14233,477
Thrust#1,16384,3.15405,476
Thrust#1,16384,3.17114,485
Thrust#1,16384,3.13257,470
Thrust#1,16384,3.15771,477
Thrust#1,16384,3.14258,472
Thrust#1,16384,3.1394,474
Thrust#1,16384,3.15039,462
Thrust#1,16384,3.15454,467
Thrust#1,16384,3.13135,458
Thrust#1,16384,3.15283,462
Thrust#1,16384,3.15308,457
Thrust#1,16384,3.14771,468
Thrust#1,16384,3.13892,465
Thrust#1,16384,3.16992,466
Thrust#1,16384,3.13501,468
Thrust#1,16384,3.12695,489
Thrust#1,16384,3.13452,752
Thrust#1,16384,3.13867,591
Thrust#1,16384,3.14673,546
Thrust#1,32768,3.13232,800
Thrust#1,32768,3.13452,763
Thrust#1,32768,3.13538,761
Thrust#1,32768,3.13428,771
Thrust#1,32768,3.13257,789
Thrust#1,32768,3.13452,771
Thrust#1,32768,3.15186,780
Thrust#1,32768,3.13831,774
Thrust#1,32768,3.13037,759
Thrust#1,32768,3.14429,763
Thrust#1,32768,3.13989,773
Thrust#1,32768,3.11658,771
Thrust#1,32768,3.13574,762
Thrust#1,32768,3.14026,771
Thrust#1,32768,3.13623,752
Thrust#1,32768,3.13916,792
Thrust#1,32768,3.14014,756
Thrust#1,32768,3.13306,751
Thrust#1,32768,3.13416,842
Thrust#1,32768,3.14319,1847
Thrust#1,32768,3.1394,1255
Thrust#1,32768,3.13306,821
Thrust#1,32768,3.13904,772
Thrust#1,32768,3.13635,761
Thrust#1,32768,3.14246,773
Thrust#1,32768,3.13965,764
Thrust#1,32768,3.14258,762
Thrust#1,32768,3.14673,774
Thrust#1,32768,3.14783,777
Thrust#1,32768,3.13977,788
Thrust#1,32768,3.1322,761
Thrust#1,32768,3.14722,760
Thrust#1,32768,3.13904,758
Thrust#1,32768,3.13867,763
Thrust#1,32768,3.14429,759
Thrust#1,32768,3.14355,810
Thrust#1,32768,3.13672,758
Thrust#1,32768,3.13196,754
Thrust#1,32768,3.12573,786
Thrust#1,32768,3.1416,974
Thrust#1,32768,3.14746,841
Thrust#1,32768,3.13879,760
Thrust#1,32768,3.14331,763
Thrust#1,32768,3.13196,775
Thrust#1,32768,3.13452,782
Thrust#1,32768,3.14661,771
Thrust#1,32768,3.14001,770
Thrust#1,32768,3.15369,771
Thrust#1,32768,3.14575,768
Thrust#1,32768,3.15271,766
Thrust#1,32768,3.14136,765
Thrust#1,32768,3.13684,762
Thrust#1,32768,3.13708,761
Thrust#1,32768,3.14233,755
Thrust#1,32768,3.1488,754
Thrust#1,32768,3.13391,759
Thrust#1,32768,3.15271,761
Thrust#1,32768,3.14587,762
Thrust#1,32768,3.13953,766
Thrust#1,32768,3.16016,1020
Thrust#1,32768,3.14709,844
Thrust#1,32768,3.14783,769
Thrust#1,32768,3.14465,775
Thrust#1,32768,3.15503,769
Thrust#1,32768,3.1449,763
Thrust#1,32768,3.14978,772
Thrust#1,32768,3.15137,762
Thrust#1,32768,3.12976,761
Thrust#1,32768,3.14148,764
Thrust#1,32768,3.13049,763
Thrust#1,32768,3.14294,772
Thrust#1,32768,3.13696,790
Thrust#1,32768,3.13928,813
Thrust#1,32768,3.14563,759
Thrust#1,32768,3.13733,757
Thrust#1,32768,3.1344,754
Thrust#1,32768,3.13513,755
Thrust#1,32768,3.12695,755
Thrust#1,32768,3.15454,757
Thrust#1,32768,3.13965,815
Thrust#1,32768,3.13562,1915
Thrust#1,32768,3.14697,958
Thrust#1,32768,3.14551,762
Thrust#1,32768,3.15503,769
Thrust#1,32768,3.14661,763
Thrust#1,32768,3.13904,763
Thrust#1,32768,3.13708,771
Thrust#1,32768,3.14526,763
Thrust#1,32768,3.13245,762
Thrust#1,32768,3.12927,763
Thrust#1,32768,3.14978,805
Thrust#1,32768,3.16138,779
Thrust#1,32768,3.14233,765
Thrust#1,32768,3.12891,1069
Thrust#1,32768,3.14246,752
Thrust#1,32768,3.14014,755
Thrust#1,32768,3.14746,765
Thrust#1,32768,3.13428,757
Thrust#1,32768,3.14807,751
Thrust#1,32768,3.12427,1132
Thrust#1,65536,3.13141,1431
Thrust#1,65536,3.14386,1376
Thrust#1,65536,3.14539,1385
Thrust#1,65536,3.14496,1367
Thrust#1,65536,3.13544,1380
Thrust#1,65536,3.14319,1373
Thrust#1,65536,3.14508,1387
Thrust#1,65536,3.14465,1374
Thrust#1,65536,3.14301,1401
Thrust#1,65536,3.13184,1366
Thrust#1,65536,3.13617,1372
Thrust#1,65536,3.13849,1799
Thrust#1,65536,3.14642,1387
Thrust#1,65536,3.13818,1373
Thrust#1,65536,3.13623,1373
Thrust#1,65536,3.13715,1376
Thrust#1,65536,3.1391,1378
Thrust#1,65536,3.12836,1372
Thrust#1,65536,3.1394,1394
Thrust#1,65536,3.14111,1366
Thrust#1,65536,3.14233,1365
Thrust#1,65536,3.13239,1359
Thrust#1,65536,3.14111,1362
Thrust#1,65536,3.14423,1452
Thrust#1,65536,3.15546,2859
Thrust#1,65536,3.14484,1378
Thrust#1,65536,3.13617,1370
Thrust#1,65536,3.14246,1386
Thrust#1,65536,3.13507,1378
Thrust#1,65536,3.13873,1388
Thrust#1,65536,3.13696,1363
Thrust#1,65536,3.13812,1364
Thrust#1,65536,3.14124,1379
Thrust#1,65536,3.15405,1373
Thrust#1,65536,3.1394,1775
Thrust#1,65536,3.13953,1445
Thrust#1,65536,3.14783,1375
Thrust#1,65536,3.14423,1368
Thrust#1,65536,3.13312,1378
Thrust#1,65536,3.13568,1376
Thrust#1,65536,3.13702,1376
Thrust#1,65536,3.14197,1369
Thrust#1,65536,3.1416,1374
Thrust#1,65536,3.14716,1364
Thrust#1,65536,3.14032,1370
Thrust#1,65536,3.13513,1750
Thrust#1,65536,3.14661,1483
Thrust#1,65536,3.14874,1384
Thrust#1,65536,3.15454,1369
Thrust#1,65536,3.14136,1369
Thrust#1,65536,3.14624,1379
Thrust#1,65536,3.13501,1371
Thrust#1,65536,3.13928,1381
Thrust#1,65536,3.13568,1373
Thrust#1,65536,3.15497,1369
Thrust#1,65536,3.14227,1373
Thrust#1,65536,3.14545,1369
Thrust#1,65536,3.14771,2735
Thrust#1,65536,3.14807,1435
Thrust#1,65536,3.1413,1376
Thrust#1,65536,3.13525,1408
Thrust#1,65536,3.14642,1376
Thrust#1,65536,3.14722,1392
Thrust#1,65536,3.13263,1371
Thrust#1,65536,3.14331,1414
Thrust#1,65536,3.15131,1385
Thrust#1,65536,3.13922,1364
Thrust#1,65536,3.13849,1375
Thrust#1,65536,3.15204,1876
Thrust#1,65536,3.13824,1370
Thrust#1,65536,3.14526,1381
Thrust#1,65536,3.14001,1396
Thrust#1,65536,3.14807,1419
Thrust#1,65536,3.13574,1416
Thrust#1,65536,3.14166,1384
Thrust#1,65536,3.13763,1383
Thrust#1,65536,3.14386,1377
Thrust#1,65536,3.14075,1382
Thrust#1,65536,3.13562,1363
Thrust#1,65536,3.13892,1378
Thrust#1,65536,3.14014,1783
Thrust#1,65536,3.14465,1434
Thrust#1,65536,3.1496,1378
Thrust#1,65536,3.15424,1380
Thrust#1,65536,3.14014,1379
Thrust#1,65536,3.13824,1379
Thrust#1,65536,3.15686,1371
Thrust#1,65536,3.1452,1379
Thrust#1,65536,3.13342,1372
Thrust#1,65536,3.14832,1366
Thrust#1,65536,3.13843,1371
Thrust#1,65536,3.14087,1374
Thrust#1,65536,3.1319,2785
Thrust#1,65536,3.1463,1428
Thrust#1,65536,3.13489,1369
Thrust#1,65536,3.14124,1366
Thrust#1,65536,3.15002,1388
Thrust#1,65536,3.13867,1368
Thrust#1,65536,3.13733,1426
Thrust#1,65536,3.14221,1368
Thrust#1,131072,3.14429,2644
Thrust#1,131072,3.14001,3036
Thrust#1,131072,3.14587,2728
Thrust#1,131072,3.14386,2652
Thrust#1,131072,3.14029,2655
Thrust#1,131072,3.14664,2644
Thrust#1,131072,3.13837,2628
Thrust#1,131072,3.14938,3673
Thrust#1,131072,3.14124,2655
Thrust#1,131072,3.13672,2593
Thrust#1,131072,3.15298,2589
Thrust#1,131072,3.1463,2585
Thrust#1,131072,3.14285,2573
Thrust#1,131072,3.14008,3964
Thrust#1,131072,3.14127,2641
Thrust#1,131072,3.13571,2569
Thrust#1,131072,3.14246,2572
Thrust#1,131072,3.14597,2574
Thrust#1,131072,3.13657,2552
Thrust#1,131072,3.14334,2966
Thrust#1,131072,3.15506,2632
Thrust#1,131072,3.13992,2587
Thrust#1,131072,3.13828,2576
Thrust#1,131072,3.14514,2570
Thrust#1,131072,3.14203,2571
Thrust#1,131072,3.13644,2972
Thrust#1,131072,3.13919,2680
Thrust#1,131072,3.1369,2573
Thrust#1,131072,3.15475,2567
Thrust#1,131072,3.14105,2567
Thrust#1,131072,3.1369,2564
Thrust#1,131072,3.14178,2560
Thrust#1,131072,3.14673,4048
Thrust#1,131072,3.13889,2642
Thrust#1,131072,3.14496,2577
Thrust#1,131072,3.1456,2566
Thrust#1,131072,3.13904,2556
Thrust#1,131072,3.13873,2917
Thrust#1,131072,3.14047,2640
Thrust#1,131072,3.14423,2613
Thrust#1,131072,3.14749,2570
Thrust#1,131072,3.13864,2587
Thrust#1,131072,3.14502,2669
Thrust#1,131072,3.14944,2588
Thrust#1,131072,3.12799,3265
Thrust#1,131072,3.14285,2535
Thrust#1,131072,3.1442,2510
Thrust#1,131072,3.14697,2508
Thrust#1,131072,3.13885,2498
Thrust#1,131072,3.14883,2491
Thrust#1,131072,3.14246,3937
Thrust#1,131072,3.14764,2556
Thrust#1,131072,3.13791,2497
Thrust#1,131072,3.14355,2506
Thrust#1,131072,3.15057,2511
Thrust#1,131072,3.1452,2497
Thrust#1,131072,3.1424,2950
Thrust#1,131072,3.13989,2509
Thrust#1,131072,3.13974,2517
Thrust#1,131072,3.15005,2514
Thrust#1,131072,3.13931,2499
Thrust#1,131072,3.14801,2492
Thrust#1,131072,3.14508,2880
Thrust#1,131072,3.15384,2600
Thrust#1,131072,3.14001,2517
Thrust#1,131072,3.14044,2494
Thrust#1,131072,3.14294,2508
Thrust#1,131072,3.15076,2492
Thrust#1,131072,3.13986,2495
Thrust#1,131072,3.13916,3910
Thrust#1,131072,3.14493,2565
Thrust#1,131072,3.14963,2512
Thrust#1,131072,3.14755,2498
Thrust#1,131072,3.13742,2506
Thrust#1,131072,3.14005,2501
Thrust#1,131072,3.13742,2991
Thrust#1,131072,3.13696,2509
Thrust#1,131072,3.13776,2520
Thrust#1,131072,3.1402,2502
Thrust#1,131072,3.14191,2494
Thrust#1,131072,3.13773,2499
Thrust#1,131072,3.13739,4891
Thrust#1,131072,3.13611,2457
Thrust#1,131072,3.14355,2434
Thrust#1,131072,3.14578,2424
Thrust#1,131072,3.1427,2414
Thrust#1,131072,3.14548,2423
Thrust#1,131072,3.14236,3800
Thrust#1,131072,3.14423,2496
Thrust#1,131072,3.14145,2445
Thrust#1,131072,3.14209,2428
Thrust#1,131072,3.13763,2432
Thrust#1,131072,3.13849,2420
Thrust#1,131072,3.13165,2798
Thrust#1,131072,3.14276,2519
Thrust#1,131072,3.1499,2437
Thrust#1,131072,3.13458,2456
Thrust#1,131072,3.13577,2448
Thrust#1,131072,3.14841,2731
Thrust#1,131072,3.1366,2421
Thrust#1,262144,3.14465,5307
Thrust#1,262144,3.14133,4870
Thrust#1,262144,3.14345,4884
Thrust#1,262144,3.14243,4883
Thrust#1,262144,3.13521,6148
Thrust#1,262144,3.14493,5149
Thrust#1,262144,3.14571,4871
Thrust#1,262144,3.14221,4882
Thrust#1,262144,3.1358,4869
Thrust#1,262144,3.14546,4878
Thrust#1,262144,3.14566,4936
Thrust#1,262144,3.14148,4794
Thrust#1,262144,3.14354,4780
Thrust#1,262144,3.1412,4747
Thrust#1,262144,3.1413,6081
Thrust#1,262144,3.13998,4802
Thrust#1,262144,3.13754,4746
Thrust#1,262144,3.14438,4736
Thrust#1,262144,3.14214,4786
Thrust#1,262144,3.14365,4740
Thrust#1,262144,3.13611,4734
Thrust#1,262144,3.14326,6122
Thrust#1,262144,3.14183,4796
Thrust#1,262144,3.13945,4737
Thrust#1,262144,3.14447,4736
Thrust#1,262144,3.13771,4773
Thrust#1,262144,3.13785,4749
Thrust#1,262144,3.1384,6039
Thrust#1,262144,3.14145,4794
Thrust#1,262144,3.14091,4744
Thrust#1,262144,3.14082,4771
Thrust#1,262144,3.13943,4620
Thrust#1,262144,3.13905,4644
Thrust#1,262144,3.13864,4673
Thrust#1,262144,3.1412,5934
Thrust#1,262144,3.14098,4674
Thrust#1,262144,3.13821,4637
Thrust#1,262144,3.13762,4638
Thrust#1,262144,3.14444,4650
Thrust#1,262144,3.13681,4634
Thrust#1,262144,3.13882,4646
Thrust#1,262144,3.13982,4666
Thrust#1,262144,3.1447,4628
Thrust#1,262144,3.14366,4642
Thrust#1,262144,3.13971,4640
Thrust#1,262144,3.1407,5911
Thrust#1,262144,3.1442,4717
Thrust#1,262144,3.14221,4619
Thrust#1,262144,3.13832,4683
Thrust#1,262144,3.13751,4633
Thrust#1,262144,3.14391,4627
Thrust#1,262144,3.14276,4638
Thrust#1,262144,3.13803,5746
Thrust#1,262144,3.13974,4513
Thrust#1,262144,3.13615,4456
Thrust#1,262144,3.13988,4482
Thrust#1,262144,3.14436,4519
Thrust#1,262144,3.13953,4477
Thrust#1,262144,3.14214,4488
Thrust#1,262144,3.14322,5778
Thrust#1,262144,3.14014,4519
Thrust#1,262144,3.14218,4456
Thrust#1,262144,3.14224,4454
Thrust#1,262144,3.14391,4458
Thrust#1,262144,3.14467,4506
Thrust#1,262144,3.15198,4470
Thrust#1,262144,3.14421,5730
Thrust#1,262144,3.14342,4531
Thrust#1,262144,3.14088,4501
Thrust#1,262144,3.14059,4463
Thrust#1,262144,3.1348,4463
Thrust#1,262144,3.14522,4505
Thrust#1,262144,3.14149,4509
Thrust#1,262144,3.13982,5751
Thrust#1,262144,3.14032,4527
Thrust#1,262144,3.14293,4457
Thrust#1,262144,3.14526,4455
Thrust#1,262144,3.14551,4476
Thrust#1,262144,3.13942,4455
Thrust#1,262144,3.14505,4467
Thrust#1,262144,3.13925,4496
Thrust#1,262144,3.14302,4471
Thrust#1,262144,3.14029,4474
Thrust#1,262144,3.13731,4480
Thrust#1,262144,3.13924,5767
Thrust#1,262144,3.13931,4493
Thrust#1,262144,3.14203,4483
Thrust#1,262144,3.14592,4490
Thrust#1,262144,3.14871,4484
Thrust#1,262144,3.14441,4493
Thrust#1,262144,3.13853,4484
Thrust#1,262144,3.14059,5775
Thrust#1,262144,3.14699,4524
Thrust#1,262144,3.14476,4473
Thrust#1,262144,3.13939,4455
Thrust#1,262144,3.14194,4449
Thrust#1,262144,3.13843,4503
Thrust#1,262144,3.14534,4463
Thrust#1,262144,3.14752,5757
Thrust#1,262144,3.14474,4523
Thrust#1,524288,3.14009,9126
Thrust#1,524288,3.14029,9139
Thrust#1,524288,3.14069,10478
Thrust#1,524288,3.14249,9181
Thrust#1,524288,3.1401,9119
Thrust#1,524288,3.13982,9128
Thrust#1,524288,3.14325,9163
Thrust#1,524288,3.1423,9131
Thrust#1,524288,3.14157,10447
Thrust#1,524288,3.14111,9258
Thrust#1,524288,3.14147,9173
Thrust#1,524288,3.14072,10415
Thrust#1,524288,3.14211,9180
Thrust#1,524288,3.14166,9113
Thrust#1,524288,3.13771,10454
Thrust#1,524288,3.14059,9178
Thrust#1,524288,3.14001,9138
Thrust#1,524288,3.13629,9180
Thrust#1,524288,3.14468,9147
Thrust#1,524288,3.14303,9128
Thrust#1,524288,3.13828,10405
Thrust#1,524288,3.1389,9173
Thrust#1,524288,3.14114,9184
Thrust#1,524288,3.13769,10408
Thrust#1,524288,3.14291,9161
Thrust#1,524288,3.14188,9117
Thrust#1,524288,3.14272,9147
Thrust#1,524288,3.14322,10411
Thrust#1,524288,3.1402,9648
Thrust#1,524288,3.14333,9120
Thrust#1,524288,3.14417,9172
Thrust#1,524288,3.13898,9131
Thrust#1,524288,3.13938,10397
Thrust#1,524288,3.14492,9174
Thrust#1,524288,3.14047,9185
Thrust#1,524288,3.14181,9131
Thrust#1,524288,3.14111,10454
Thrust#1,524288,3.14484,9175
Thrust#1,524288,3.14371,9181
Thrust#1,524288,3.13783,10403
Thrust#1,524288,3.1377,9169
Thrust#1,524288,3.13855,9112
Thrust#1,524288,3.14227,9174
Thrust#1,524288,3.14247,10438
Thrust#1,524288,3.14246,9182
Thrust#1,524288,3.14401,9117
Thrust#1,524288,3.13873,9175
Thrust#1,524288,3.13867,9133
Thrust#1,524288,3.14246,10433
Thrust#1,524288,3.13947,9192
Thrust#1,524288,3.1423,9162
Thrust#1,524288,3.14152,10422
Thrust#1,524288,3.14329,9174
Thrust#1,524288,3.13892,9132
Thrust#1,524288,3.1429,9175
Thrust#1,524288,3.14024,10397
Thrust#1,524288,3.14481,9175
Thrust#1,524288,3.14362,9125
Thrust#1,524288,3.14156,9160
Thrust#1,524288,3.13952,9130
Thrust#1,524288,3.14153,10433
Thrust#1,524288,3.14164,9176
Thrust#1,524288,3.14139,9178
Thrust#1,524288,3.14356,9123
Thrust#1,524288,3.13898,10518
Thrust#1,524288,3.14021,9241
Thrust#1,524288,3.14475,9177
Thrust#1,524288,3.14301,10390
Thrust#1,524288,3.14547,9225
Thrust#1,524288,3.14114,9127
Thrust#1,524288,3.14415,9164
Thrust#1,524288,3.14472,10414
Thrust#1,524288,3.14389,9198
Thrust#1,524288,3.13663,9151
Thrust#1,524288,3.14271,9212
Thrust#1,524288,3.14009,9126
Thrust#1,524288,3.1417,10397
Thrust#1,524288,3.14377,9166
Thrust#1,524288,3.1381,9177
Thrust#1,524288,3.13973,9138
Thrust#1,524288,3.14236,10421
Thrust#1,524288,3.14322,9184
Thrust#1,524288,3.14202,9164
Thrust#1,524288,3.1384,10392
Thrust#1,524288,3.13983,9169
Thrust#1,524288,3.14358,9118
Thrust#1,524288,3.13762,9207
Thrust#1,524288,3.14436,10540
Thrust#1,524288,3.14156,9138
Thrust#1,524288,3.14269,9109
Thrust#1,524288,3.14433,9188
Thrust#1,524288,3.14139,9131
Thrust#1,524288,3.13684,10376
Thrust#1,524288,3.14313,9167
Thrust#1,524288,3.14176,9159
Thrust#1,524288,3.14051,10415
Thrust#1,524288,3.13895,9184
Thrust#1,524288,3.14314,9133
Thrust#1,524288,3.14433,9164
Thrust#1,524288,3.14194,10395
Thrust#1,1048576,3.14087,18897
Thrust#1,1048576,3.14144,18862
Thrust#1,1048576,3.14106,20340
Thrust#1,1048576,3.1391,20129
Thrust#1,1048576,3.14237,18889
Thrust#1,1048576,3.14132,18877
Thrust#1,1048576,3.14241,20136
Thrust#1,1048576,3.13989,18938
Thrust#1,1048576,3.1397,20155
Thrust#1,1048576,3.1398,20186
Thrust#1,1048576,3.14244,18895
Thrust#1,1048576,3.14017,18895
Thrust#1,1048576,3.14201,20150
Thrust#1,1048576,3.1427,18933
Thrust#1,1048576,3.14019,20172
Thrust#1,1048576,3.14131,18928
Thrust#1,1048576,3.14119,20213
Thrust#1,1048576,3.13755,18948
Thrust#1,1048576,3.14361,20149
Thrust#1,1048576,3.14139,18941
Thrust#1,1048576,3.13956,20237
Thrust#1,1048576,3.14254,18939
Thrust#1,1048576,3.14034,20135
Thrust#1,1048576,3.14384,18929
Thrust#1,1048576,3.13888,20157
Thrust#1,1048576,3.14155,18957
Thrust#1,1048576,3.14054,20172
Thrust#1,1048576,3.14016,18948
Thrust#1,1048576,3.14291,20215
Thrust#1,1048576,3.13982,18936
Thrust#1,1048576,3.14075,20124
Thrust#1,1048576,3.14479,18930
Thrust#1,1048576,3.1399,20203
Thrust#1,1048576,3.13943,18962
Thrust#1,1048576,3.14003,20110
Thrust#1,1048576,3.14022,18926
Thrust#1,1048576,3.14332,20227
Thrust#1,1048576,3.14206,18948
Thrust#1,1048576,3.14183,20150
Thrust#1,1048576,3.14196,18949
Thrust#1,1048576,3.1405,20190
Thrust#1,1048576,3.14074,18932
Thrust#1,1048576,3.14169,20151
Thrust#1,1048576,3.14171,18963
Thrust#1,1048576,3.14096,20256
Thrust#1,1048576,3.13883,18925
Thrust#1,1048576,3.14125,20141
Thrust#1,1048576,3.14324,18939
Thrust#1,1048576,3.14433,20197
Thrust#1,1048576,3.14207,20187
Thrust#1,1048576,3.14272,18943
Thrust#1,1048576,3.14155,18974
Thrust#1,1048576,3.14224,20244
Thrust#1,1048576,3.14007,18983
Thrust#1,1048576,3.14125,20157
Thrust#1,1048576,3.1403,18951
Thrust#1,1048576,3.14262,20154
Thrust#1,1048576,3.14273,18953
Thrust#1,1048576,3.14149,20141
Thrust#1,1048576,3.14223,18953
Thrust#1,1048576,3.14392,20170
Thrust#1,1048576,3.14201,18936
Thrust#1,1048576,3.13895,20133
Thrust#1,1048576,3.14235,18945
Thrust#1,1048576,3.14377,20156
Thrust#1,1048576,3.14142,18957
Thrust#1,1048576,3.14188,20125
Thrust#1,1048576,3.13905,19300
Thrust#1,1048576,3.14034,20185
Thrust#1,1048576,3.1432,18962
Thrust#1,1048576,3.14079,20152
Thrust#1,1048576,3.13867,18953
Thrust#1,1048576,3.14122,20170
Thrust#1,1048576,3.13963,18928
Thrust#1,1048576,3.14033,20138
Thrust#1,1048576,3.1421,18978
Thrust#1,1048576,3.14113,20197
Thrust#1,1048576,3.13828,18938
Thrust#1,1048576,3.1389,20124
Thrust#1,1048576,3.14345,18976
Thrust#1,1048576,3.14063,20161
Thrust#1,1048576,3.14153,18967
Thrust#1,1048576,3.13979,20141
Thrust#1,1048576,3.14307,18966
Thrust#1,1048576,3.14376,20380
Thrust#1,1048576,3.13816,18917
Thrust#1,1048576,3.14411,20140
Thrust#1,1048576,3.14186,18951
Thrust#1,1048576,3.14022,20188
Thrust#1,1048576,3.14165,20185
Thrust#1,1048576,3.14217,18907
Thrust#1,1048576,3.14152,18895
Thrust#1,1048576,3.1426,20182
Thrust#1,1048576,3.14025,18940
Thrust#1,1048576,3.14339,20166
Thrust#1,1048576,3.13871,20176
Thrust#1,1048576,3.14217,18907
Thrust#1,1048576,3.14037,18905
Thrust#1,1048576,3.14138,20224
Thrust#1,1048576,3.13813,18951
Thrust#1,2097152,3.14239,40360
Thrust#1,2097152,3.14054,40456
Thrust#1,2097152,3.14033,40421
Thrust#1,2097152,3.14192,40535
Thrust#1,2097152,3.14198,40439
Thrust#1,2097152,3.14418,40452
Thrust#1,2097152,3.14065,40422
Thrust#1,2097152,3.14187,40487
Thrust#1,2097152,3.14092,40425
Thrust#1,2097152,3.13933,40596
Thrust#1,2097152,3.14219,40418
Thrust#1,2097152,3.14198,40456
Thrust#1,2097152,3.14107,40420
Thrust#1,2097152,3.14123,40470
Thrust#1,2097152,3.14091,40441
Thrust#1,2097152,3.14159,40468
Thrust#1,2097152,3.142,40425
Thrust#1,2097152,3.14021,40488
Thrust#1,2097152,3.14073,40440
Thrust#1,2097152,3.14017,40482
Thrust#1,2097152,3.14046,40396
Thrust#1,2097152,3.14203,40489
Thrust#1,2097152,3.14285,40460
Thrust#1,2097152,3.14032,40442
Thrust#1,2097152,3.14041,40435
Thrust#1,2097152,3.14264,40479
Thrust#1,2097152,3.14083,40490
Thrust#1,2097152,3.14089,40442
Thrust#1,2097152,3.14188,40427
Thrust#1,2097152,3.14183,40482
Thrust#1,2097152,3.14188,40486
Thrust#1,2097152,3.14239,40490
Thrust#1,2097152,3.14244,40406
Thrust#1,2097152,3.14136,40437
Thrust#1,2097152,3.14172,39393
Thrust#1,2097152,3.14207,40397
Thrust#1,2097152,3.14037,40456
Thrust#1,2097152,3.14049,40456
Thrust#1,2097152,3.14318,40456
Thrust#1,2097152,3.14197,40487
Thrust#1,2097152,3.14147,40385
Thrust#1,2097152,3.14306,40427
Thrust#1,2097152,3.14187,40409
Thrust#1,2097152,3.142,40460
Thrust#1,2097152,3.14054,40403
Thrust#1,2097152,3.14128,40489
Thrust#1,2097152,3.14289,40410
Thrust#1,2097152,3.14215,40450
Thrust#1,2097152,3.14185,39486
Thrust#1,2097152,3.14242,40547
Thrust#1,2097152,3.14242,39636
Thrust#1,2097152,3.14055,40481
Thrust#1,2097152,3.14135,39496
Thrust#1,2097152,3.14126,40519
Thrust#1,2097152,3.14117,39548
Thrust#1,2097152,3.1382,40507
Thrust#1,2097152,3.14145,39559
Thrust#1,2097152,3.13921,40452
Thrust#1,2097152,3.14407,39512
Thrust#1,2097152,3.14164,40551
Thrust#1,2097152,3.14132,39549
Thrust#1,2097152,3.14071,40414
Thrust#1,2097152,3.14232,39538
Thrust#1,2097152,3.14269,40463
Thrust#1,2097152,3.13976,40395
Thrust#1,2097152,3.14181,40483
Thrust#1,2097152,3.14104,40435
Thrust#1,2097152,3.14256,40497
Thrust#1,2097152,3.14363,40422
Thrust#1,2097152,3.14227,40433
Thrust#1,2097152,3.14166,40414
Thrust#1,2097152,3.14152,40464
Thrust#1,2097152,3.14158,40492
Thrust#1,2097152,3.14195,40517
Thrust#1,2097152,3.1415,40452
Thrust#1,2097152,3.14099,40480
Thrust#1,2097152,3.14272,40449
Thrust#1,2097152,3.14152,40490
Thrust#1,2097152,3.14506,40407
Thrust#1,2097152,3.13969,40471
Thrust#1,2097152,3.14086,40440
Thrust#1,2097152,3.14288,40426
Thrust#1,2097152,3.14021,40432
Thrust#1,2097152,3.14249,40575
Thrust#1,2097152,3.14194,40471
Thrust#1,2097152,3.14243,40511
Thrust#1,2097152,3.14134,40404
Thrust#1,2097152,3.14197,40434
Thrust#1,2097152,3.14156,40453
Thrust#1,2097152,3.14116,40475
Thrust#1,2097152,3.14101,40378
Thrust#1,2097152,3.14293,40431
Thrust#1,2097152,3.14184,40447
Thrust#1,2097152,3.14189,40520
Thrust#1,2097152,3.14297,40440
Thrust#1,2097152,3.14176,40695
Thrust#1,2097152,3.14176,40419
Thrust#1,2097152,3.14361,40461
Thrust#1,2097152,3.1411,40394
Thrust#1,2097152,3.14313,40502
Thrust#1,4194304,3.14097,82678
Thrust#1,4194304,3.14094,82601
Thrust#1,4194304,3.14245,82574
Thrust#1,4194304,3.14145,82633
Thrust#1,4194304,3.14167,81770
Thrust#1,4194304,3.14298,82254
Thrust#1,4194304,3.14039,82615
Thrust#1,4194304,3.14162,82820
Thrust#1,4194304,3.14148,82675
Thrust#1,4194304,3.14195,81693
Thrust#1,4194304,3.14119,82639
Thrust#1,4194304,3.14122,82680
Thrust#1,4194304,3.14063,82579
Thrust#1,4194304,3.14111,82626
Thrust#1,4194304,3.1417,82610
Thrust#1,4194304,3.14244,82595
Thrust#1,4194304,3.14045,82618
Thrust#1,4194304,3.14104,82655
Thrust#1,4194304,3.14165,82632
Thrust#1,4194304,3.14243,82592
Thrust#1,4194304,3.14358,82640
Thrust#1,4194304,3.14249,82631
Thrust#1,4194304,3.14104,82609
Thrust#1,4194304,3.14222,82616
Thrust#1,4194304,3.14055,82653
Thrust#1,4194304,3.14253,82630
Thrust#1,4194304,3.14093,82646
Thrust#1,4194304,3.14098,82611
Thrust#1,4194304,3.14211,82599
Thrust#1,4194304,3.14143,81592
Thrust#1,4194304,3.14143,82588
Thrust#1,4194304,3.14239,82670
Thrust#1,4194304,3.14011,82604
Thrust#1,4194304,3.14013,82662
Thrust#1,4194304,3.14107,82599
Thrust#1,4194304,3.1419,82610
Thrust#1,4194304,3.14292,82610
Thrust#1,4194304,3.14062,82744
Thrust#1,4194304,3.14105,82565
Thrust#1,4194304,3.142,82662
Thrust#1,4194304,3.14156,82809
Thrust#1,4194304,3.14188,82632
Thrust#1,4194304,3.1421,82646
Thrust#1,4194304,3.14086,82657
Thrust#1,4194304,3.14157,82652
Thrust#1,4194304,3.14017,82655
Thrust#1,4194304,3.14175,82573
Thrust#1,4194304,3.1424,82654
Thrust#1,4194304,3.14187,82646
Thrust#1,4194304,3.14175,82542
Thrust#1,4194304,3.14015,82634
Thrust#1,4194304,3.14078,82630
Thrust#1,4194304,3.14155,82569
Thrust#1,4194304,3.14133,81721
Thrust#1,4194304,3.14096,82305
Thrust#1,4194304,3.1412,82555
Thrust#1,4194304,3.14061,82618
Thrust#1,4194304,3.14121,82647
Thrust#1,4194304,3.14099,82584
Thrust#1,4194304,3.14079,82562
Thrust#1,4194304,3.1422,82705
Thrust#1,4194304,3.14196,82729
Thrust#1,4194304,3.14231,82567
Thrust#1,4194304,3.14267,82651
Thrust#1,4194304,3.14223,82849
Thrust#1,4194304,3.14098,82671
Thrust#1,4194304,3.14256,82646
Thrust#1,4194304,3.14276,82609
Thrust#1,4194304,3.14125,82661
Thrust#1,4194304,3.14151,82700
Thrust#1,4194304,3.14183,82672
Thrust#1,4194304,3.1409,83726
Thrust#1,4194304,3.14231,82726
Thrust#1,4194304,3.14189,82550
Thrust#1,4194304,3.14139,82623
Thrust#1,4194304,3.1418,82628
Thrust#1,4194304,3.14316,82602
Thrust#1,4194304,3.14033,82681
Thrust#1,4194304,3.14211,82622
Thrust#1,4194304,3.14117,82601
Thrust#1,4194304,3.14059,82590
Thrust#1,4194304,3.14016,82640
Thrust#1,4194304,3.1421,82665
Thrust#1,4194304,3.14164,82603
Thrust#1,4194304,3.14205,82615
Thrust#1,4194304,3.14154,82618
Thrust#1,4194304,3.14066,82690
Thrust#1,4194304,3.1412,82636
Thrust#1,4194304,3.1418,82787
Thrust#1,4194304,3.14043,82602
Thrust#1,4194304,3.14088,82620
Thrust#1,4194304,3.14121,82585
Thrust#1,4194304,3.1408,82587
Thrust#1,4194304,3.1415,82597
Thrust#1,4194304,3.14205,82650
Thrust#1,4194304,3.14188,82628
Thrust#1,4194304,3.14105,82569
Thrust#1,4194304,3.14127,82580
Thrust#1,4194304,3.14217,82570
Thrust#1,4194304,3.14219,82613
