100,1,{(-1.72;1.2);(1;-1.2)},212
100,1,{(-1.72;1.2);(1;-1.2)},202
100,1,{(-1.72;1.2);(1;-1.2)},200
100,1,{(-1.72;1.2);(1;-1.2)},199
100,1,{(-0.7;0);(0.3;-1)},200
100,1,{(-0.7;0);(0.3;-1)},199
100,1,{(-0.7;0);(0.3;-1)},200
100,1,{(-0.7;0);(0.3;-1)},200
100,1,{(-0.4;-0.5);(0.1;-1)},199
100,1,{(-0.4;-0.5);(0.1;-1)},199
100,1,{(-0.4;-0.5);(0.1;-1)},199
100,1,{(-0.4;-0.5);(0.1;-1)},199
100,1,{(-0.4;-0.6);(-0.2;-0.8)},199
100,1,{(-0.4;-0.6);(-0.2;-0.8)},199
100,1,{(-0.4;-0.6);(-0.2;-0.8)},199
100,1,{(-0.4;-0.6);(-0.2;-0.8)},199
100,1,{(-0.24;-0.64);(-0.26;-0.66)},199
100,1,{(-0.24;-0.64);(-0.26;-0.66)},199
100,1,{(-0.24;-0.64);(-0.26;-0.66)},199
100,1,{(-0.24;-0.64);(-0.26;-0.66)},199
100,10,{(-1.72;1.2);(1;-1.2)},867
100,10,{(-1.72;1.2);(1;-1.2)},715
100,10,{(-1.72;1.2);(1;-1.2)},713
100,10,{(-1.72;1.2);(1;-1.2)},716
100,10,{(-0.7;0);(0.3;-1)},991
100,10,{(-0.7;0);(0.3;-1)},933
100,10,{(-0.7;0);(0.3;-1)},850
100,10,{(-0.7;0);(0.3;-1)},853
100,10,{(-0.4;-0.5);(0.1;-1)},867
100,10,{(-0.4;-0.5);(0.1;-1)},870
100,10,{(-0.4;-0.5);(0.1;-1)},869
100,10,{(-0.4;-0.5);(0.1;-1)},867
100,10,{(-0.4;-0.6);(-0.2;-0.8)},892
100,10,{(-0.4;-0.6);(-0.2;-0.8)},886
100,10,{(-0.4;-0.6);(-0.2;-0.8)},872
100,10,{(-0.4;-0.6);(-0.2;-0.8)},934
100,10,{(-0.24;-0.64);(-0.26;-0.66)},903
100,10,{(-0.24;-0.64);(-0.26;-0.66)},943
100,10,{(-0.24;-0.64);(-0.26;-0.66)},972
100,10,{(-0.24;-0.64);(-0.26;-0.66)},912
100,30,{(-1.72;1.2);(1;-1.2)},1079
100,30,{(-1.72;1.2);(1;-1.2)},1080
100,30,{(-1.72;1.2);(1;-1.2)},1087
100,30,{(-1.72;1.2);(1;-1.2)},1079
100,30,{(-0.7;0);(0.3;-1)},1919
100,30,{(-0.7;0);(0.3;-1)},1940
100,30,{(-0.7;0);(0.3;-1)},1920
100,30,{(-0.7;0);(0.3;-1)},1922
100,30,{(-0.4;-0.5);(0.1;-1)},1741
100,30,{(-0.4;-0.5);(0.1;-1)},1809
100,30,{(-0.4;-0.5);(0.1;-1)},1743
100,30,{(-0.4;-0.5);(0.1;-1)},1749
100,30,{(-0.4;-0.6);(-0.2;-0.8)},1687
100,30,{(-0.4;-0.6);(-0.2;-0.8)},1652
100,30,{(-0.4;-0.6);(-0.2;-0.8)},1669
100,30,{(-0.4;-0.6);(-0.2;-0.8)},1667
100,30,{(-0.24;-0.64);(-0.26;-0.66)},2299
100,30,{(-0.24;-0.64);(-0.26;-0.66)},2287
100,30,{(-0.24;-0.64);(-0.26;-0.66)},2285
100,30,{(-0.24;-0.64);(-0.26;-0.66)},2285
100,80,{(-1.72;1.2);(1;-1.2)},2014
100,80,{(-1.72;1.2);(1;-1.2)},2072
100,80,{(-1.72;1.2);(1;-1.2)},2015
100,80,{(-1.72;1.2);(1;-1.2)},1984
100,80,{(-0.7;0);(0.3;-1)},4214
100,80,{(-0.7;0);(0.3;-1)},4137
100,80,{(-0.7;0);(0.3;-1)},4240
100,80,{(-0.7;0);(0.3;-1)},4238
100,80,{(-0.4;-0.5);(0.1;-1)},3268
100,80,{(-0.4;-0.5);(0.1;-1)},3256
100,80,{(-0.4;-0.5);(0.1;-1)},3431
100,80,{(-0.4;-0.5);(0.1;-1)},3323
100,80,{(-0.4;-0.6);(-0.2;-0.8)},2852
100,80,{(-0.4;-0.6);(-0.2;-0.8)},2785
100,80,{(-0.4;-0.6);(-0.2;-0.8)},2807
100,80,{(-0.4;-0.6);(-0.2;-0.8)},2800
100,80,{(-0.24;-0.64);(-0.26;-0.66)},4514
100,80,{(-0.24;-0.64);(-0.26;-0.66)},4457
100,80,{(-0.24;-0.64);(-0.26;-0.66)},4486
100,80,{(-0.24;-0.64);(-0.26;-0.66)},4463
100,150,{(-1.72;1.2);(1;-1.2)},3160
100,150,{(-1.72;1.2);(1;-1.2)},3183
100,150,{(-1.72;1.2);(1;-1.2)},3139
100,150,{(-1.72;1.2);(1;-1.2)},3094
100,150,{(-0.7;0);(0.3;-1)},7355
100,150,{(-0.7;0);(0.3;-1)},7410
100,150,{(-0.7;0);(0.3;-1)},7279
100,150,{(-0.7;0);(0.3;-1)},7214
100,150,{(-0.4;-0.5);(0.1;-1)},5326
100,150,{(-0.4;-0.5);(0.1;-1)},5305
100,150,{(-0.4;-0.5);(0.1;-1)},5479
100,150,{(-0.4;-0.5);(0.1;-1)},5478
100,150,{(-0.4;-0.6);(-0.2;-0.8)},4067
100,150,{(-0.4;-0.6);(-0.2;-0.8)},4010
100,150,{(-0.4;-0.6);(-0.2;-0.8)},3904
100,150,{(-0.4;-0.6);(-0.2;-0.8)},3993
100,150,{(-0.24;-0.64);(-0.26;-0.66)},6084
100,150,{(-0.24;-0.64);(-0.26;-0.66)},6115
100,150,{(-0.24;-0.64);(-0.26;-0.66)},6344
100,150,{(-0.24;-0.64);(-0.26;-0.66)},6201
100,250,{(-1.72;1.2);(1;-1.2)},4840
100,250,{(-1.72;1.2);(1;-1.2)},4752
100,250,{(-1.72;1.2);(1;-1.2)},4887
100,250,{(-1.72;1.2);(1;-1.2)},4940
100,250,{(-0.7;0);(0.3;-1)},11869
100,250,{(-0.7;0);(0.3;-1)},11747
100,250,{(-0.7;0);(0.3;-1)},11872
100,250,{(-0.7;0);(0.3;-1)},11971
100,250,{(-0.4;-0.5);(0.1;-1)},8574
100,250,{(-0.4;-0.5);(0.1;-1)},8638
100,250,{(-0.4;-0.5);(0.1;-1)},8395
100,250,{(-0.4;-0.5);(0.1;-1)},8620
100,250,{(-0.4;-0.6);(-0.2;-0.8)},5720
100,250,{(-0.4;-0.6);(-0.2;-0.8)},5748
100,250,{(-0.4;-0.6);(-0.2;-0.8)},5573
100,250,{(-0.4;-0.6);(-0.2;-0.8)},5437
100,250,{(-0.24;-0.64);(-0.26;-0.66)},7616
100,250,{(-0.24;-0.64);(-0.26;-0.66)},7608
100,250,{(-0.24;-0.64);(-0.26;-0.66)},7989
100,250,{(-0.24;-0.64);(-0.26;-0.66)},7700
100,500,{(-1.72;1.2);(1;-1.2)},8947
100,500,{(-1.72;1.2);(1;-1.2)},8815
100,500,{(-1.72;1.2);(1;-1.2)},8819
100,500,{(-1.72;1.2);(1;-1.2)},9147
100,500,{(-0.7;0);(0.3;-1)},22446
100,500,{(-0.7;0);(0.3;-1)},22876
100,500,{(-0.7;0);(0.3;-1)},22413
100,500,{(-0.7;0);(0.3;-1)},22989
100,500,{(-0.4;-0.5);(0.1;-1)},15889
100,500,{(-0.4;-0.5);(0.1;-1)},16344
100,500,{(-0.4;-0.5);(0.1;-1)},16363
100,500,{(-0.4;-0.5);(0.1;-1)},15855
100,500,{(-0.4;-0.6);(-0.2;-0.8)},9132
100,500,{(-0.4;-0.6);(-0.2;-0.8)},9501
100,500,{(-0.4;-0.6);(-0.2;-0.8)},9424
100,500,{(-0.4;-0.6);(-0.2;-0.8)},9308
100,500,{(-0.24;-0.64);(-0.26;-0.66)},10353
100,500,{(-0.24;-0.64);(-0.26;-0.66)},10483
100,500,{(-0.24;-0.64);(-0.26;-0.66)},10395
100,500,{(-0.24;-0.64);(-0.26;-0.66)},10376
100,1000,{(-1.72;1.2);(1;-1.2)},17306
100,1000,{(-1.72;1.2);(1;-1.2)},17825
100,1000,{(-1.72;1.2);(1;-1.2)},18025
100,1000,{(-1.72;1.2);(1;-1.2)},17978
100,1000,{(-0.7;0);(0.3;-1)},45220
100,1000,{(-0.7;0);(0.3;-1)},44344
100,1000,{(-0.7;0);(0.3;-1)},44829
100,1000,{(-0.7;0);(0.3;-1)},44867
100,1000,{(-0.4;-0.5);(0.1;-1)},29951
100,1000,{(-0.4;-0.5);(0.1;-1)},29976
100,1000,{(-0.4;-0.5);(0.1;-1)},30886
100,1000,{(-0.4;-0.5);(0.1;-1)},30329
100,1000,{(-0.4;-0.6);(-0.2;-0.8)},16236
100,1000,{(-0.4;-0.6);(-0.2;-0.8)},16272
100,1000,{(-0.4;-0.6);(-0.2;-0.8)},16551
100,1000,{(-0.4;-0.6);(-0.2;-0.8)},16517
100,1000,{(-0.24;-0.64);(-0.26;-0.66)},14441
100,1000,{(-0.24;-0.64);(-0.26;-0.66)},14566
100,1000,{(-0.24;-0.64);(-0.26;-0.66)},14461
100,1000,{(-0.24;-0.64);(-0.26;-0.66)},14446
100,2000,{(-1.72;1.2);(1;-1.2)},34873
100,2000,{(-1.72;1.2);(1;-1.2)},33963
100,2000,{(-1.72;1.2);(1;-1.2)},33951
100,2000,{(-1.72;1.2);(1;-1.2)},33942
100,2000,{(-0.7;0);(0.3;-1)},88116
100,2000,{(-0.7;0);(0.3;-1)},87930
100,2000,{(-0.7;0);(0.3;-1)},88094
100,2000,{(-0.7;0);(0.3;-1)},88191
100,2000,{(-0.4;-0.5);(0.1;-1)},59185
100,2000,{(-0.4;-0.5);(0.1;-1)},58575
100,2000,{(-0.4;-0.5);(0.1;-1)},60444
100,2000,{(-0.4;-0.5);(0.1;-1)},59639
100,2000,{(-0.4;-0.6);(-0.2;-0.8)},30708
100,2000,{(-0.4;-0.6);(-0.2;-0.8)},30968
100,2000,{(-0.4;-0.6);(-0.2;-0.8)},31773
100,2000,{(-0.4;-0.6);(-0.2;-0.8)},30979
100,2000,{(-0.24;-0.64);(-0.26;-0.66)},21874
100,2000,{(-0.24;-0.64);(-0.26;-0.66)},22235
100,2000,{(-0.24;-0.64);(-0.26;-0.66)},21736
100,2000,{(-0.24;-0.64);(-0.26;-0.66)},21732
100,8000,{(-1.72;1.2);(1;-1.2)},132630
100,8000,{(-1.72;1.2);(1;-1.2)},138996
100,8000,{(-1.72;1.2);(1;-1.2)},130811
100,8000,{(-1.72;1.2);(1;-1.2)},133520
100,8000,{(-0.7;0);(0.3;-1)},356922
100,8000,{(-0.7;0);(0.3;-1)},356612
100,8000,{(-0.7;0);(0.3;-1)},354619
100,8000,{(-0.7;0);(0.3;-1)},354303
100,8000,{(-0.4;-0.5);(0.1;-1)},234134
100,8000,{(-0.4;-0.5);(0.1;-1)},233490
100,8000,{(-0.4;-0.5);(0.1;-1)},238232
100,8000,{(-0.4;-0.5);(0.1;-1)},228679
100,8000,{(-0.4;-0.6);(-0.2;-0.8)},115287
100,8000,{(-0.4;-0.6);(-0.2;-0.8)},116328
100,8000,{(-0.4;-0.6);(-0.2;-0.8)},117810
100,8000,{(-0.4;-0.6);(-0.2;-0.8)},118998
100,8000,{(-0.24;-0.64);(-0.26;-0.66)},63337
100,8000,{(-0.24;-0.64);(-0.26;-0.66)},63842
100,8000,{(-0.24;-0.64);(-0.26;-0.66)},64165
100,8000,{(-0.24;-0.64);(-0.26;-0.66)},64095
200,1,{(-1.72;1.2);(1;-1.2)},680
200,1,{(-1.72;1.2);(1;-1.2)},646
200,1,{(-1.72;1.2);(1;-1.2)},623
200,1,{(-1.72;1.2);(1;-1.2)},621
200,1,{(-0.7;0);(0.3;-1)},622
200,1,{(-0.7;0);(0.3;-1)},643
200,1,{(-0.7;0);(0.3;-1)},646
200,1,{(-0.7;0);(0.3;-1)},622
200,1,{(-0.4;-0.5);(0.1;-1)},623
200,1,{(-0.4;-0.5);(0.1;-1)},646
200,1,{(-0.4;-0.5);(0.1;-1)},645
200,1,{(-0.4;-0.5);(0.1;-1)},623
200,1,{(-0.4;-0.6);(-0.2;-0.8)},636
200,1,{(-0.4;-0.6);(-0.2;-0.8)},613
200,1,{(-0.4;-0.6);(-0.2;-0.8)},648
200,1,{(-0.4;-0.6);(-0.2;-0.8)},646
200,1,{(-0.24;-0.64);(-0.26;-0.66)},624
200,1,{(-0.24;-0.64);(-0.26;-0.66)},660
200,1,{(-0.24;-0.64);(-0.26;-0.66)},649
200,1,{(-0.24;-0.64);(-0.26;-0.66)},627
200,10,{(-1.72;1.2);(1;-1.2)},2537
200,10,{(-1.72;1.2);(1;-1.2)},2559
200,10,{(-1.72;1.2);(1;-1.2)},2538
200,10,{(-1.72;1.2);(1;-1.2)},2540
200,10,{(-0.7;0);(0.3;-1)},3329
200,10,{(-0.7;0);(0.3;-1)},3331
200,10,{(-0.7;0);(0.3;-1)},3349
200,10,{(-0.7;0);(0.3;-1)},3435
200,10,{(-0.4;-0.5);(0.1;-1)},3485
200,10,{(-0.4;-0.5);(0.1;-1)},3349
200,10,{(-0.4;-0.5);(0.1;-1)},3301
200,10,{(-0.4;-0.5);(0.1;-1)},3321
200,10,{(-0.4;-0.6);(-0.2;-0.8)},3504
200,10,{(-0.4;-0.6);(-0.2;-0.8)},3576
200,10,{(-0.4;-0.6);(-0.2;-0.8)},3449
200,10,{(-0.4;-0.6);(-0.2;-0.8)},3485
200,10,{(-0.24;-0.64);(-0.26;-0.66)},3517
200,10,{(-0.24;-0.64);(-0.26;-0.66)},3578
200,10,{(-0.24;-0.64);(-0.26;-0.66)},3689
200,10,{(-0.24;-0.64);(-0.26;-0.66)},3567
200,30,{(-1.72;1.2);(1;-1.2)},4357
200,30,{(-1.72;1.2);(1;-1.2)},4314
200,30,{(-1.72;1.2);(1;-1.2)},4273
200,30,{(-1.72;1.2);(1;-1.2)},4239
200,30,{(-0.7;0);(0.3;-1)},7397
200,30,{(-0.7;0);(0.3;-1)},7594
200,30,{(-0.7;0);(0.3;-1)},7315
200,30,{(-0.7;0);(0.3;-1)},7623
200,30,{(-0.4;-0.5);(0.1;-1)},6826
200,30,{(-0.4;-0.5);(0.1;-1)},6976
200,30,{(-0.4;-0.5);(0.1;-1)},6794
200,30,{(-0.4;-0.5);(0.1;-1)},7554
200,30,{(-0.4;-0.6);(-0.2;-0.8)},7897
200,30,{(-0.4;-0.6);(-0.2;-0.8)},6568
200,30,{(-0.4;-0.6);(-0.2;-0.8)},7107
200,30,{(-0.4;-0.6);(-0.2;-0.8)},6692
200,30,{(-0.24;-0.64);(-0.26;-0.66)},9348
200,30,{(-0.24;-0.64);(-0.26;-0.66)},9633
200,30,{(-0.24;-0.64);(-0.26;-0.66)},9759
200,30,{(-0.24;-0.64);(-0.26;-0.66)},14149
200,80,{(-1.72;1.2);(1;-1.2)},7999
200,80,{(-1.72;1.2);(1;-1.2)},8725
200,80,{(-1.72;1.2);(1;-1.2)},8067
200,80,{(-1.72;1.2);(1;-1.2)},7840
200,80,{(-0.7;0);(0.3;-1)},17164
200,80,{(-0.7;0);(0.3;-1)},16946
200,80,{(-0.7;0);(0.3;-1)},16399
200,80,{(-0.7;0);(0.3;-1)},17402
200,80,{(-0.4;-0.5);(0.1;-1)},13315
200,80,{(-0.4;-0.5);(0.1;-1)},13312
200,80,{(-0.4;-0.5);(0.1;-1)},13535
200,80,{(-0.4;-0.5);(0.1;-1)},13253
200,80,{(-0.4;-0.6);(-0.2;-0.8)},11185
200,80,{(-0.4;-0.6);(-0.2;-0.8)},10886
200,80,{(-0.4;-0.6);(-0.2;-0.8)},10914
200,80,{(-0.4;-0.6);(-0.2;-0.8)},10915
200,80,{(-0.24;-0.64);(-0.26;-0.66)},17636
200,80,{(-0.24;-0.64);(-0.26;-0.66)},17864
200,80,{(-0.24;-0.64);(-0.26;-0.66)},17924
200,80,{(-0.24;-0.64);(-0.26;-0.66)},18225
200,150,{(-1.72;1.2);(1;-1.2)},12784
200,150,{(-1.72;1.2);(1;-1.2)},13025
200,150,{(-1.72;1.2);(1;-1.2)},12990
200,150,{(-1.72;1.2);(1;-1.2)},12856
200,150,{(-0.7;0);(0.3;-1)},30020
200,150,{(-0.7;0);(0.3;-1)},30200
200,150,{(-0.7;0);(0.3;-1)},30937
200,150,{(-0.7;0);(0.3;-1)},29750
200,150,{(-0.4;-0.5);(0.1;-1)},22784
200,150,{(-0.4;-0.5);(0.1;-1)},22236
200,150,{(-0.4;-0.5);(0.1;-1)},22495
200,150,{(-0.4;-0.5);(0.1;-1)},22717
200,150,{(-0.4;-0.6);(-0.2;-0.8)},16601
200,150,{(-0.4;-0.6);(-0.2;-0.8)},16284
200,150,{(-0.4;-0.6);(-0.2;-0.8)},16040
200,150,{(-0.4;-0.6);(-0.2;-0.8)},16007
200,150,{(-0.24;-0.64);(-0.26;-0.66)},25055
200,150,{(-0.24;-0.64);(-0.26;-0.66)},25115
200,150,{(-0.24;-0.64);(-0.26;-0.66)},25291
200,150,{(-0.24;-0.64);(-0.26;-0.66)},25352
200,250,{(-1.72;1.2);(1;-1.2)},20187
200,250,{(-1.72;1.2);(1;-1.2)},19997
200,250,{(-1.72;1.2);(1;-1.2)},20134
200,250,{(-1.72;1.2);(1;-1.2)},19956
200,250,{(-0.7;0);(0.3;-1)},48754
200,250,{(-0.7;0);(0.3;-1)},47731
200,250,{(-0.7;0);(0.3;-1)},47252
200,250,{(-0.7;0);(0.3;-1)},47610
200,250,{(-0.4;-0.5);(0.1;-1)},33847
200,250,{(-0.4;-0.5);(0.1;-1)},35227
200,250,{(-0.4;-0.5);(0.1;-1)},36822
200,250,{(-0.4;-0.5);(0.1;-1)},34244
200,250,{(-0.4;-0.6);(-0.2;-0.8)},22777
200,250,{(-0.4;-0.6);(-0.2;-0.8)},22324
200,250,{(-0.4;-0.6);(-0.2;-0.8)},22207
200,250,{(-0.4;-0.6);(-0.2;-0.8)},22636
200,250,{(-0.24;-0.64);(-0.26;-0.66)},31574
200,250,{(-0.24;-0.64);(-0.26;-0.66)},31770
200,250,{(-0.24;-0.64);(-0.26;-0.66)},31736
200,250,{(-0.24;-0.64);(-0.26;-0.66)},31572
200,500,{(-1.72;1.2);(1;-1.2)},37527
200,500,{(-1.72;1.2);(1;-1.2)},37209
200,500,{(-1.72;1.2);(1;-1.2)},37294
200,500,{(-1.72;1.2);(1;-1.2)},37176
200,500,{(-0.7;0);(0.3;-1)},95013
200,500,{(-0.7;0);(0.3;-1)},94935
200,500,{(-0.7;0);(0.3;-1)},95145
200,500,{(-0.7;0);(0.3;-1)},94170
200,500,{(-0.4;-0.5);(0.1;-1)},64142
200,500,{(-0.4;-0.5);(0.1;-1)},64605
200,500,{(-0.4;-0.5);(0.1;-1)},63379
200,500,{(-0.4;-0.5);(0.1;-1)},73924
200,500,{(-0.4;-0.6);(-0.2;-0.8)},37745
200,500,{(-0.4;-0.6);(-0.2;-0.8)},37171
200,500,{(-0.4;-0.6);(-0.2;-0.8)},36853
200,500,{(-0.4;-0.6);(-0.2;-0.8)},37166
200,500,{(-0.24;-0.64);(-0.26;-0.66)},42556
200,500,{(-0.24;-0.64);(-0.26;-0.66)},42913
200,500,{(-0.24;-0.64);(-0.26;-0.66)},42598
200,500,{(-0.24;-0.64);(-0.26;-0.66)},42444
200,1000,{(-1.72;1.2);(1;-1.2)},70714
200,1000,{(-1.72;1.2);(1;-1.2)},71944
200,1000,{(-1.72;1.2);(1;-1.2)},72212
200,1000,{(-1.72;1.2);(1;-1.2)},72342
200,1000,{(-0.7;0);(0.3;-1)},182340
200,1000,{(-0.7;0);(0.3;-1)},184266
200,1000,{(-0.7;0);(0.3;-1)},186303
200,1000,{(-0.7;0);(0.3;-1)},182450
200,1000,{(-0.4;-0.5);(0.1;-1)},125710
200,1000,{(-0.4;-0.5);(0.1;-1)},129123
200,1000,{(-0.4;-0.5);(0.1;-1)},125157
200,1000,{(-0.4;-0.5);(0.1;-1)},119567
200,1000,{(-0.4;-0.6);(-0.2;-0.8)},65034
200,1000,{(-0.4;-0.6);(-0.2;-0.8)},65569
200,1000,{(-0.4;-0.6);(-0.2;-0.8)},66353
200,1000,{(-0.4;-0.6);(-0.2;-0.8)},65051
200,1000,{(-0.24;-0.64);(-0.26;-0.66)},57489
200,1000,{(-0.24;-0.64);(-0.26;-0.66)},58523
200,1000,{(-0.24;-0.64);(-0.26;-0.66)},58323
200,1000,{(-0.24;-0.64);(-0.26;-0.66)},57497
200,2000,{(-1.72;1.2);(1;-1.2)},134578
200,2000,{(-1.72;1.2);(1;-1.2)},136003
200,2000,{(-1.72;1.2);(1;-1.2)},134790
200,2000,{(-1.72;1.2);(1;-1.2)},135370
200,2000,{(-0.7;0);(0.3;-1)},354973
200,2000,{(-0.7;0);(0.3;-1)},351946
200,2000,{(-0.7;0);(0.3;-1)},359624
200,2000,{(-0.7;0);(0.3;-1)},358385
200,2000,{(-0.4;-0.5);(0.1;-1)},233314
200,2000,{(-0.4;-0.5);(0.1;-1)},232179
200,2000,{(-0.4;-0.5);(0.1;-1)},234452
200,2000,{(-0.4;-0.5);(0.1;-1)},233740
200,2000,{(-0.4;-0.6);(-0.2;-0.8)},122985
200,2000,{(-0.4;-0.6);(-0.2;-0.8)},120043
200,2000,{(-0.4;-0.6);(-0.2;-0.8)},120449
200,2000,{(-0.4;-0.6);(-0.2;-0.8)},119772
200,2000,{(-0.24;-0.64);(-0.26;-0.66)},86165
200,2000,{(-0.24;-0.64);(-0.26;-0.66)},87577
200,2000,{(-0.24;-0.64);(-0.26;-0.66)},85570
200,2000,{(-0.24;-0.64);(-0.26;-0.66)},85380
200,8000,{(-1.72;1.2);(1;-1.2)},539597
200,8000,{(-1.72;1.2);(1;-1.2)},531213
200,8000,{(-1.72;1.2);(1;-1.2)},535644
200,8000,{(-1.72;1.2);(1;-1.2)},531010
200,8000,{(-0.7;0);(0.3;-1)},1398791
200,8000,{(-0.7;0);(0.3;-1)},1409300
200,8000,{(-0.7;0);(0.3;-1)},1398492
200,8000,{(-0.7;0);(0.3;-1)},1428404
200,8000,{(-0.4;-0.5);(0.1;-1)},958137
200,8000,{(-0.4;-0.5);(0.1;-1)},932092
200,8000,{(-0.4;-0.5);(0.1;-1)},920408
200,8000,{(-0.4;-0.5);(0.1;-1)},913366
200,8000,{(-0.4;-0.6);(-0.2;-0.8)},452768
200,8000,{(-0.4;-0.6);(-0.2;-0.8)},450088
200,8000,{(-0.4;-0.6);(-0.2;-0.8)},448780
200,8000,{(-0.4;-0.6);(-0.2;-0.8)},450240
200,8000,{(-0.24;-0.64);(-0.26;-0.66)},253799
200,8000,{(-0.24;-0.64);(-0.26;-0.66)},252964
200,8000,{(-0.24;-0.64);(-0.26;-0.66)},252909
200,8000,{(-0.24;-0.64);(-0.26;-0.66)},253111
400,1,{(-1.72;1.2);(1;-1.2)},2460
400,1,{(-1.72;1.2);(1;-1.2)},2397
400,1,{(-1.72;1.2);(1;-1.2)},2410
400,1,{(-1.72;1.2);(1;-1.2)},2411
400,1,{(-0.7;0);(0.3;-1)},2413
400,1,{(-0.7;0);(0.3;-1)},2411
400,1,{(-0.7;0);(0.3;-1)},2411
400,1,{(-0.7;0);(0.3;-1)},2410
400,1,{(-0.4;-0.5);(0.1;-1)},2413
400,1,{(-0.4;-0.5);(0.1;-1)},2410
400,1,{(-0.4;-0.5);(0.1;-1)},2414
400,1,{(-0.4;-0.5);(0.1;-1)},2430
400,1,{(-0.4;-0.6);(-0.2;-0.8)},2411
400,1,{(-0.4;-0.6);(-0.2;-0.8)},2410
400,1,{(-0.4;-0.6);(-0.2;-0.8)},2483
400,1,{(-0.4;-0.6);(-0.2;-0.8)},2470
400,1,{(-0.24;-0.64);(-0.26;-0.66)},2454
400,1,{(-0.24;-0.64);(-0.26;-0.66)},2465
400,1,{(-0.24;-0.64);(-0.26;-0.66)},2411
400,1,{(-0.24;-0.64);(-0.26;-0.66)},2414
400,10,{(-1.72;1.2);(1;-1.2)},10099
400,10,{(-1.72;1.2);(1;-1.2)},10062
400,10,{(-1.72;1.2);(1;-1.2)},10205
400,10,{(-1.72;1.2);(1;-1.2)},9936
400,10,{(-0.7;0);(0.3;-1)},13152
400,10,{(-0.7;0);(0.3;-1)},13322
400,10,{(-0.7;0);(0.3;-1)},13169
400,10,{(-0.7;0);(0.3;-1)},13448
400,10,{(-0.4;-0.5);(0.1;-1)},13275
400,10,{(-0.4;-0.5);(0.1;-1)},13306
400,10,{(-0.4;-0.5);(0.1;-1)},13272
400,10,{(-0.4;-0.5);(0.1;-1)},13448
400,10,{(-0.4;-0.6);(-0.2;-0.8)},14017
400,10,{(-0.4;-0.6);(-0.2;-0.8)},13736
400,10,{(-0.4;-0.6);(-0.2;-0.8)},14003
400,10,{(-0.4;-0.6);(-0.2;-0.8)},13522
400,10,{(-0.24;-0.64);(-0.26;-0.66)},13915
400,10,{(-0.24;-0.64);(-0.26;-0.66)},14155
400,10,{(-0.24;-0.64);(-0.26;-0.66)},13999
400,10,{(-0.24;-0.64);(-0.26;-0.66)},13855
400,30,{(-1.72;1.2);(1;-1.2)},16913
400,30,{(-1.72;1.2);(1;-1.2)},16514
400,30,{(-1.72;1.2);(1;-1.2)},16961
400,30,{(-1.72;1.2);(1;-1.2)},16758
400,30,{(-0.7;0);(0.3;-1)},29427
400,30,{(-0.7;0);(0.3;-1)},29620
400,30,{(-0.7;0);(0.3;-1)},29505
400,30,{(-0.7;0);(0.3;-1)},29523
400,30,{(-0.4;-0.5);(0.1;-1)},26427
400,30,{(-0.4;-0.5);(0.1;-1)},26719
400,30,{(-0.4;-0.5);(0.1;-1)},27508
400,30,{(-0.4;-0.5);(0.1;-1)},27497
400,30,{(-0.4;-0.6);(-0.2;-0.8)},25782
400,30,{(-0.4;-0.6);(-0.2;-0.8)},26369
400,30,{(-0.4;-0.6);(-0.2;-0.8)},25799
400,30,{(-0.4;-0.6);(-0.2;-0.8)},26084
400,30,{(-0.24;-0.64);(-0.26;-0.66)},37102
400,30,{(-0.24;-0.64);(-0.26;-0.66)},37351
400,30,{(-0.24;-0.64);(-0.26;-0.66)},37165
400,30,{(-0.24;-0.64);(-0.26;-0.66)},36517
400,80,{(-1.72;1.2);(1;-1.2)},30446
400,80,{(-1.72;1.2);(1;-1.2)},31049
400,80,{(-1.72;1.2);(1;-1.2)},30746
400,80,{(-1.72;1.2);(1;-1.2)},31503
400,80,{(-0.7;0);(0.3;-1)},70765
400,80,{(-0.7;0);(0.3;-1)},68792
400,80,{(-0.7;0);(0.3;-1)},69866
400,80,{(-0.7;0);(0.3;-1)},67162
400,80,{(-0.4;-0.5);(0.1;-1)},54205
400,80,{(-0.4;-0.5);(0.1;-1)},52726
400,80,{(-0.4;-0.5);(0.1;-1)},52495
400,80,{(-0.4;-0.5);(0.1;-1)},51840
400,80,{(-0.4;-0.6);(-0.2;-0.8)},43407
400,80,{(-0.4;-0.6);(-0.2;-0.8)},42566
400,80,{(-0.4;-0.6);(-0.2;-0.8)},42808
400,80,{(-0.4;-0.6);(-0.2;-0.8)},42535
400,80,{(-0.24;-0.64);(-0.26;-0.66)},70544
400,80,{(-0.24;-0.64);(-0.26;-0.66)},71553
400,80,{(-0.24;-0.64);(-0.26;-0.66)},77231
400,80,{(-0.24;-0.64);(-0.26;-0.66)},70651
400,150,{(-1.72;1.2);(1;-1.2)},49628
400,150,{(-1.72;1.2);(1;-1.2)},50030
400,150,{(-1.72;1.2);(1;-1.2)},49693
400,150,{(-1.72;1.2);(1;-1.2)},50232
400,150,{(-0.7;0);(0.3;-1)},115766
400,150,{(-0.7;0);(0.3;-1)},116354
400,150,{(-0.7;0);(0.3;-1)},115935
400,150,{(-0.7;0);(0.3;-1)},115600
400,150,{(-0.4;-0.5);(0.1;-1)},85882
400,150,{(-0.4;-0.5);(0.1;-1)},85207
400,150,{(-0.4;-0.5);(0.1;-1)},88065
400,150,{(-0.4;-0.5);(0.1;-1)},88181
400,150,{(-0.4;-0.6);(-0.2;-0.8)},62762
400,150,{(-0.4;-0.6);(-0.2;-0.8)},63139
400,150,{(-0.4;-0.6);(-0.2;-0.8)},63014
400,150,{(-0.4;-0.6);(-0.2;-0.8)},63022
400,150,{(-0.24;-0.64);(-0.26;-0.66)},99000
400,150,{(-0.24;-0.64);(-0.26;-0.66)},98211
400,150,{(-0.24;-0.64);(-0.26;-0.66)},98421
400,150,{(-0.24;-0.64);(-0.26;-0.66)},97098
400,250,{(-1.72;1.2);(1;-1.2)},76515
400,250,{(-1.72;1.2);(1;-1.2)},76706
400,250,{(-1.72;1.2);(1;-1.2)},76133
400,250,{(-1.72;1.2);(1;-1.2)},78119
400,250,{(-0.7;0);(0.3;-1)},198391
400,250,{(-0.7;0);(0.3;-1)},185388
400,250,{(-0.7;0);(0.3;-1)},185436
400,250,{(-0.7;0);(0.3;-1)},185707
400,250,{(-0.4;-0.5);(0.1;-1)},131121
400,250,{(-0.4;-0.5);(0.1;-1)},131758
400,250,{(-0.4;-0.5);(0.1;-1)},134155
400,250,{(-0.4;-0.5);(0.1;-1)},133017
400,250,{(-0.4;-0.6);(-0.2;-0.8)},86193
400,250,{(-0.4;-0.6);(-0.2;-0.8)},86401
400,250,{(-0.4;-0.6);(-0.2;-0.8)},85913
400,250,{(-0.4;-0.6);(-0.2;-0.8)},87162
400,250,{(-0.24;-0.64);(-0.26;-0.66)},123709
400,250,{(-0.24;-0.64);(-0.26;-0.66)},121882
400,250,{(-0.24;-0.64);(-0.26;-0.66)},122702
400,250,{(-0.24;-0.64);(-0.26;-0.66)},122252
400,500,{(-1.72;1.2);(1;-1.2)},144073
400,500,{(-1.72;1.2);(1;-1.2)},144294
400,500,{(-1.72;1.2);(1;-1.2)},142148
400,500,{(-1.72;1.2);(1;-1.2)},142348
400,500,{(-0.7;0);(0.3;-1)},371095
400,500,{(-0.7;0);(0.3;-1)},374196
400,500,{(-0.7;0);(0.3;-1)},373072
400,500,{(-0.7;0);(0.3;-1)},370838
400,500,{(-0.4;-0.5);(0.1;-1)},256057
400,500,{(-0.4;-0.5);(0.1;-1)},254309
400,500,{(-0.4;-0.5);(0.1;-1)},252024
400,500,{(-0.4;-0.5);(0.1;-1)},254342
400,500,{(-0.4;-0.6);(-0.2;-0.8)},146796
400,500,{(-0.4;-0.6);(-0.2;-0.8)},147836
400,500,{(-0.4;-0.6);(-0.2;-0.8)},149207
400,500,{(-0.4;-0.6);(-0.2;-0.8)},160371
400,500,{(-0.24;-0.64);(-0.26;-0.66)},166060
400,500,{(-0.24;-0.64);(-0.26;-0.66)},166879
400,500,{(-0.24;-0.64);(-0.26;-0.66)},170221
400,500,{(-0.24;-0.64);(-0.26;-0.66)},167303
400,1000,{(-1.72;1.2);(1;-1.2)},281365
400,1000,{(-1.72;1.2);(1;-1.2)},284812
400,1000,{(-1.72;1.2);(1;-1.2)},281048
400,1000,{(-1.72;1.2);(1;-1.2)},280285
400,1000,{(-0.7;0);(0.3;-1)},732551
400,1000,{(-0.7;0);(0.3;-1)},722953
400,1000,{(-0.7;0);(0.3;-1)},733848
400,1000,{(-0.7;0);(0.3;-1)},741753
400,1000,{(-0.4;-0.5);(0.1;-1)},481340
400,1000,{(-0.4;-0.5);(0.1;-1)},473075
400,1000,{(-0.4;-0.5);(0.1;-1)},474360
400,1000,{(-0.4;-0.5);(0.1;-1)},481208
400,1000,{(-0.4;-0.6);(-0.2;-0.8)},261859
400,1000,{(-0.4;-0.6);(-0.2;-0.8)},256803
400,1000,{(-0.4;-0.6);(-0.2;-0.8)},256223
400,1000,{(-0.4;-0.6);(-0.2;-0.8)},256229
400,1000,{(-0.24;-0.64);(-0.26;-0.66)},230457
400,1000,{(-0.24;-0.64);(-0.26;-0.66)},231617
400,1000,{(-0.24;-0.64);(-0.26;-0.66)},232803
400,1000,{(-0.24;-0.64);(-0.26;-0.66)},229400
400,2000,{(-1.72;1.2);(1;-1.2)},538875
400,2000,{(-1.72;1.2);(1;-1.2)},539431
400,2000,{(-1.72;1.2);(1;-1.2)},546244
400,2000,{(-1.72;1.2);(1;-1.2)},544498
400,2000,{(-0.7;0);(0.3;-1)},1413635
400,2000,{(-0.7;0);(0.3;-1)},1407546
400,2000,{(-0.7;0);(0.3;-1)},1411839
400,2000,{(-0.7;0);(0.3;-1)},1411065
400,2000,{(-0.4;-0.5);(0.1;-1)},928232
400,2000,{(-0.4;-0.5);(0.1;-1)},929302
400,2000,{(-0.4;-0.5);(0.1;-1)},930669
400,2000,{(-0.4;-0.5);(0.1;-1)},937268
400,2000,{(-0.4;-0.6);(-0.2;-0.8)},476341
400,2000,{(-0.4;-0.6);(-0.2;-0.8)},473270
400,2000,{(-0.4;-0.6);(-0.2;-0.8)},480775
400,2000,{(-0.4;-0.6);(-0.2;-0.8)},480734
400,2000,{(-0.24;-0.64);(-0.26;-0.66)},342063
400,2000,{(-0.24;-0.64);(-0.26;-0.66)},341096
400,2000,{(-0.24;-0.64);(-0.26;-0.66)},340089
400,2000,{(-0.24;-0.64);(-0.26;-0.66)},340951
400,8000,{(-1.72;1.2);(1;-1.2)},2124936
400,8000,{(-1.72;1.2);(1;-1.2)},2126116
400,8000,{(-1.72;1.2);(1;-1.2)},2122676
400,8000,{(-1.72;1.2);(1;-1.2)},2125678
400,8000,{(-0.7;0);(0.3;-1)},5603608
400,8000,{(-0.7;0);(0.3;-1)},5591453
400,8000,{(-0.7;0);(0.3;-1)},5586289
400,8000,{(-0.7;0);(0.3;-1)},5596023
400,8000,{(-0.4;-0.5);(0.1;-1)},3645176
400,8000,{(-0.4;-0.5);(0.1;-1)},3645659
400,8000,{(-0.4;-0.5);(0.1;-1)},3656342
400,8000,{(-0.4;-0.5);(0.1;-1)},3645834
400,8000,{(-0.4;-0.6);(-0.2;-0.8)},1801165
400,8000,{(-0.4;-0.6);(-0.2;-0.8)},1796952
400,8000,{(-0.4;-0.6);(-0.2;-0.8)},1783118
400,8000,{(-0.4;-0.6);(-0.2;-0.8)},1772850
400,8000,{(-0.24;-0.64);(-0.26;-0.66)},996081
400,8000,{(-0.24;-0.64);(-0.26;-0.66)},994279
400,8000,{(-0.24;-0.64);(-0.26;-0.66)},995605
400,8000,{(-0.24;-0.64);(-0.26;-0.66)},995644
800,1,{(-1.72;1.2);(1;-1.2)},9729
800,1,{(-1.72;1.2);(1;-1.2)},9474
800,1,{(-1.72;1.2);(1;-1.2)},9420
800,1,{(-1.72;1.2);(1;-1.2)},9767
800,1,{(-0.7;0);(0.3;-1)},9495
800,1,{(-0.7;0);(0.3;-1)},9512
800,1,{(-0.7;0);(0.3;-1)},9475
800,1,{(-0.7;0);(0.3;-1)},9769
800,1,{(-0.4;-0.5);(0.1;-1)},9602
800,1,{(-0.4;-0.5);(0.1;-1)},9494
800,1,{(-0.4;-0.5);(0.1;-1)},9504
800,1,{(-0.4;-0.5);(0.1;-1)},9642
800,1,{(-0.4;-0.6);(-0.2;-0.8)},9489
800,1,{(-0.4;-0.6);(-0.2;-0.8)},9360
800,1,{(-0.4;-0.6);(-0.2;-0.8)},9599
800,1,{(-0.4;-0.6);(-0.2;-0.8)},9861
800,1,{(-0.24;-0.64);(-0.26;-0.66)},9731
800,1,{(-0.24;-0.64);(-0.26;-0.66)},9771
800,1,{(-0.24;-0.64);(-0.26;-0.66)},9615
800,1,{(-0.24;-0.64);(-0.26;-0.66)},9857
800,10,{(-1.72;1.2);(1;-1.2)},39246
800,10,{(-1.72;1.2);(1;-1.2)},38879
800,10,{(-1.72;1.2);(1;-1.2)},39276
800,10,{(-1.72;1.2);(1;-1.2)},39327
800,10,{(-0.7;0);(0.3;-1)},51998
800,10,{(-0.7;0);(0.3;-1)},51537
800,10,{(-0.7;0);(0.3;-1)},51729
800,10,{(-0.7;0);(0.3;-1)},52182
800,10,{(-0.4;-0.5);(0.1;-1)},52631
800,10,{(-0.4;-0.5);(0.1;-1)},52144
800,10,{(-0.4;-0.5);(0.1;-1)},52515
800,10,{(-0.4;-0.5);(0.1;-1)},52564
800,10,{(-0.4;-0.6);(-0.2;-0.8)},53638
800,10,{(-0.4;-0.6);(-0.2;-0.8)},53807
800,10,{(-0.4;-0.6);(-0.2;-0.8)},53695
800,10,{(-0.4;-0.6);(-0.2;-0.8)},53775
800,10,{(-0.24;-0.64);(-0.26;-0.66)},55429
800,10,{(-0.24;-0.64);(-0.26;-0.66)},55457
800,10,{(-0.24;-0.64);(-0.26;-0.66)},55487
800,10,{(-0.24;-0.64);(-0.26;-0.66)},55285
800,30,{(-1.72;1.2);(1;-1.2)},65826
800,30,{(-1.72;1.2);(1;-1.2)},65636
800,30,{(-1.72;1.2);(1;-1.2)},65771
800,30,{(-1.72;1.2);(1;-1.2)},65346
800,30,{(-0.7;0);(0.3;-1)},116962
800,30,{(-0.7;0);(0.3;-1)},116183
800,30,{(-0.7;0);(0.3;-1)},116326
800,30,{(-0.7;0);(0.3;-1)},116262
800,30,{(-0.4;-0.5);(0.1;-1)},104647
800,30,{(-0.4;-0.5);(0.1;-1)},104978
800,30,{(-0.4;-0.5);(0.1;-1)},106615
800,30,{(-0.4;-0.5);(0.1;-1)},105060
800,30,{(-0.4;-0.6);(-0.2;-0.8)},101591
800,30,{(-0.4;-0.6);(-0.2;-0.8)},101307
800,30,{(-0.4;-0.6);(-0.2;-0.8)},100584
800,30,{(-0.4;-0.6);(-0.2;-0.8)},100996
800,30,{(-0.24;-0.64);(-0.26;-0.66)},144537
800,30,{(-0.24;-0.64);(-0.26;-0.66)},144434
800,30,{(-0.24;-0.64);(-0.26;-0.66)},143854
800,30,{(-0.24;-0.64);(-0.26;-0.66)},144066
800,80,{(-1.72;1.2);(1;-1.2)},121061
800,80,{(-1.72;1.2);(1;-1.2)},121485
800,80,{(-1.72;1.2);(1;-1.2)},121020
800,80,{(-1.72;1.2);(1;-1.2)},121191
800,80,{(-0.7;0);(0.3;-1)},260042
800,80,{(-0.7;0);(0.3;-1)},262284
800,80,{(-0.7;0);(0.3;-1)},260832
800,80,{(-0.7;0);(0.3;-1)},260159
800,80,{(-0.4;-0.5);(0.1;-1)},204764
800,80,{(-0.4;-0.5);(0.1;-1)},205082
800,80,{(-0.4;-0.5);(0.1;-1)},205481
800,80,{(-0.4;-0.5);(0.1;-1)},205091
800,80,{(-0.4;-0.6);(-0.2;-0.8)},168011
800,80,{(-0.4;-0.6);(-0.2;-0.8)},167951
800,80,{(-0.4;-0.6);(-0.2;-0.8)},170830
800,80,{(-0.4;-0.6);(-0.2;-0.8)},168368
800,80,{(-0.24;-0.64);(-0.26;-0.66)},272187
800,80,{(-0.24;-0.64);(-0.26;-0.66)},271560
800,80,{(-0.24;-0.64);(-0.26;-0.66)},272025
800,80,{(-0.24;-0.64);(-0.26;-0.66)},272133
800,150,{(-1.72;1.2);(1;-1.2)},196713
800,150,{(-1.72;1.2);(1;-1.2)},196625
800,150,{(-1.72;1.2);(1;-1.2)},196347
800,150,{(-1.72;1.2);(1;-1.2)},197970
800,150,{(-0.7;0);(0.3;-1)},459236
800,150,{(-0.7;0);(0.3;-1)},462601
800,150,{(-0.7;0);(0.3;-1)},458688
800,150,{(-0.7;0);(0.3;-1)},457656
800,150,{(-0.4;-0.5);(0.1;-1)},339767
800,150,{(-0.4;-0.5);(0.1;-1)},337540
800,150,{(-0.4;-0.5);(0.1;-1)},337219
800,150,{(-0.4;-0.5);(0.1;-1)},338038
800,150,{(-0.4;-0.6);(-0.2;-0.8)},247634
800,150,{(-0.4;-0.6);(-0.2;-0.8)},242950
800,150,{(-0.4;-0.6);(-0.2;-0.8)},243980
800,150,{(-0.4;-0.6);(-0.2;-0.8)},244569
800,150,{(-0.24;-0.64);(-0.26;-0.66)},383731
800,150,{(-0.24;-0.64);(-0.26;-0.66)},382384
800,150,{(-0.24;-0.64);(-0.26;-0.66)},385002
800,150,{(-0.24;-0.64);(-0.26;-0.66)},386762
800,250,{(-1.72;1.2);(1;-1.2)},307302
800,250,{(-1.72;1.2);(1;-1.2)},305029
800,250,{(-1.72;1.2);(1;-1.2)},304107
800,250,{(-1.72;1.2);(1;-1.2)},304998
800,250,{(-0.7;0);(0.3;-1)},740434
800,250,{(-0.7;0);(0.3;-1)},742636
800,250,{(-0.7;0);(0.3;-1)},739543
800,250,{(-0.7;0);(0.3;-1)},740778
800,250,{(-0.4;-0.5);(0.1;-1)},526874
800,250,{(-0.4;-0.5);(0.1;-1)},523905
800,250,{(-0.4;-0.5);(0.1;-1)},524751
800,250,{(-0.4;-0.5);(0.1;-1)},525838
800,250,{(-0.4;-0.6);(-0.2;-0.8)},342927
800,250,{(-0.4;-0.6);(-0.2;-0.8)},342435
800,250,{(-0.4;-0.6);(-0.2;-0.8)},342576
800,250,{(-0.4;-0.6);(-0.2;-0.8)},342864
800,250,{(-0.24;-0.64);(-0.26;-0.66)},485942
800,250,{(-0.24;-0.64);(-0.26;-0.66)},487624
800,250,{(-0.24;-0.64);(-0.26;-0.66)},487862
800,250,{(-0.24;-0.64);(-0.26;-0.66)},488506
800,500,{(-1.72;1.2);(1;-1.2)},569806
800,500,{(-1.72;1.2);(1;-1.2)},572062
800,500,{(-1.72;1.2);(1;-1.2)},569509
800,500,{(-1.72;1.2);(1;-1.2)},570568
800,500,{(-0.7;0);(0.3;-1)},1440838
800,500,{(-0.7;0);(0.3;-1)},1443267
800,500,{(-0.7;0);(0.3;-1)},1442345
800,500,{(-0.7;0);(0.3;-1)},1443101
800,500,{(-0.4;-0.5);(0.1;-1)},986001
800,500,{(-0.4;-0.5);(0.1;-1)},992005
800,500,{(-0.4;-0.5);(0.1;-1)},984820
800,500,{(-0.4;-0.5);(0.1;-1)},982597
800,500,{(-0.4;-0.6);(-0.2;-0.8)},571735
800,500,{(-0.4;-0.6);(-0.2;-0.8)},574467
800,500,{(-0.4;-0.6);(-0.2;-0.8)},571734
800,500,{(-0.4;-0.6);(-0.2;-0.8)},573342
800,500,{(-0.24;-0.64);(-0.26;-0.66)},652583
800,500,{(-0.24;-0.64);(-0.26;-0.66)},654148
800,500,{(-0.24;-0.64);(-0.26;-0.66)},651561
800,500,{(-0.24;-0.64);(-0.26;-0.66)},651326
800,1000,{(-1.72;1.2);(1;-1.2)},1096211
800,1000,{(-1.72;1.2);(1;-1.2)},1097305
800,1000,{(-1.72;1.2);(1;-1.2)},1098942
800,1000,{(-1.72;1.2);(1;-1.2)},1099938
800,1000,{(-0.7;0);(0.3;-1)},2836899
800,1000,{(-0.7;0);(0.3;-1)},2837554
800,1000,{(-0.7;0);(0.3;-1)},2838908
800,1000,{(-0.7;0);(0.3;-1)},2841061
800,1000,{(-0.4;-0.5);(0.1;-1)},1891991
800,1000,{(-0.4;-0.5);(0.1;-1)},1897670
800,1000,{(-0.4;-0.5);(0.1;-1)},1896435
800,1000,{(-0.4;-0.5);(0.1;-1)},1898238
800,1000,{(-0.4;-0.6);(-0.2;-0.8)},1019054
800,1000,{(-0.4;-0.6);(-0.2;-0.8)},1018416
800,1000,{(-0.4;-0.6);(-0.2;-0.8)},1019231
800,1000,{(-0.4;-0.6);(-0.2;-0.8)},1016538
800,1000,{(-0.24;-0.64);(-0.26;-0.66)},905089
800,1000,{(-0.24;-0.64);(-0.26;-0.66)},902275
800,1000,{(-0.24;-0.64);(-0.26;-0.66)},903857
800,1000,{(-0.24;-0.64);(-0.26;-0.66)},903934
800,2000,{(-1.72;1.2);(1;-1.2)},2164009
800,2000,{(-1.72;1.2);(1;-1.2)},2167229
800,2000,{(-1.72;1.2);(1;-1.2)},2159307
800,2000,{(-1.72;1.2);(1;-1.2)},2158463
800,2000,{(-0.7;0);(0.3;-1)},5632404
800,2000,{(-0.7;0);(0.3;-1)},5631481
800,2000,{(-0.7;0);(0.3;-1)},5631559
800,2000,{(-0.7;0);(0.3;-1)},5629193
800,2000,{(-0.4;-0.5);(0.1;-1)},3715203
800,2000,{(-0.4;-0.5);(0.1;-1)},3709276
800,2000,{(-0.4;-0.5);(0.1;-1)},3750731
800,2000,{(-0.4;-0.5);(0.1;-1)},3704632
800,2000,{(-0.4;-0.6);(-0.2;-0.8)},1887223
800,2000,{(-0.4;-0.6);(-0.2;-0.8)},1890642
800,2000,{(-0.4;-0.6);(-0.2;-0.8)},1889519
800,2000,{(-0.4;-0.6);(-0.2;-0.8)},1890180
800,2000,{(-0.24;-0.64);(-0.26;-0.66)},1355290
800,2000,{(-0.24;-0.64);(-0.26;-0.66)},1350622
800,2000,{(-0.24;-0.64);(-0.26;-0.66)},1352595
800,2000,{(-0.24;-0.64);(-0.26;-0.66)},1351983
800,8000,{(-1.72;1.2);(1;-1.2)},8489894
800,8000,{(-1.72;1.2);(1;-1.2)},8576952
800,8000,{(-1.72;1.2);(1;-1.2)},8535804
800,8000,{(-1.72;1.2);(1;-1.2)},8509785
800,8000,{(-0.7;0);(0.3;-1)},22357597
800,8000,{(-0.7;0);(0.3;-1)},22336368
800,8000,{(-0.7;0);(0.3;-1)},22281458
800,8000,{(-0.7;0);(0.3;-1)},22328538
800,8000,{(-0.4;-0.5);(0.1;-1)},14581813
800,8000,{(-0.4;-0.5);(0.1;-1)},14593206
800,8000,{(-0.4;-0.5);(0.1;-1)},14578885
800,8000,{(-0.4;-0.5);(0.1;-1)},14536110
800,8000,{(-0.4;-0.6);(-0.2;-0.8)},7080277
800,8000,{(-0.4;-0.6);(-0.2;-0.8)},7072363
800,8000,{(-0.4;-0.6);(-0.2;-0.8)},7085466
800,8000,{(-0.4;-0.6);(-0.2;-0.8)},7099542
800,8000,{(-0.24;-0.64);(-0.26;-0.66)},3987283
800,8000,{(-0.24;-0.64);(-0.26;-0.66)},3985401
800,8000,{(-0.24;-0.64);(-0.26;-0.66)},3984636
800,8000,{(-0.24;-0.64);(-0.26;-0.66)},3983818
1200,1,{(-1.72;1.2);(1;-1.2)},21572
1200,1,{(-1.72;1.2);(1;-1.2)},21386
1200,1,{(-1.72;1.2);(1;-1.2)},21336
1200,1,{(-1.72;1.2);(1;-1.2)},21721
1200,1,{(-0.7;0);(0.3;-1)},21370
1200,1,{(-0.7;0);(0.3;-1)},21720
1200,1,{(-0.7;0);(0.3;-1)},21145
1200,1,{(-0.7;0);(0.3;-1)},21422
1200,1,{(-0.4;-0.5);(0.1;-1)},21717
1200,1,{(-0.4;-0.5);(0.1;-1)},21609
1200,1,{(-0.4;-0.5);(0.1;-1)},21088
1200,1,{(-0.4;-0.5);(0.1;-1)},21388
1200,1,{(-0.4;-0.6);(-0.2;-0.8)},21153
1200,1,{(-0.4;-0.6);(-0.2;-0.8)},21906
1200,1,{(-0.4;-0.6);(-0.2;-0.8)},21194
1200,1,{(-0.4;-0.6);(-0.2;-0.8)},21829
1200,1,{(-0.24;-0.64);(-0.26;-0.66)},21161
1200,1,{(-0.24;-0.64);(-0.26;-0.66)},21570
1200,1,{(-0.24;-0.64);(-0.26;-0.66)},21441
1200,1,{(-0.24;-0.64);(-0.26;-0.66)},21462
1200,10,{(-1.72;1.2);(1;-1.2)},87654
1200,10,{(-1.72;1.2);(1;-1.2)},87169
1200,10,{(-1.72;1.2);(1;-1.2)},86770
1200,10,{(-1.72;1.2);(1;-1.2)},86953
1200,10,{(-0.7;0);(0.3;-1)},115713
1200,10,{(-0.7;0);(0.3;-1)},115911
1200,10,{(-0.7;0);(0.3;-1)},116055
1200,10,{(-0.7;0);(0.3;-1)},115345
1200,10,{(-0.4;-0.5);(0.1;-1)},117063
1200,10,{(-0.4;-0.5);(0.1;-1)},116810
1200,10,{(-0.4;-0.5);(0.1;-1)},116911
1200,10,{(-0.4;-0.5);(0.1;-1)},118606
1200,10,{(-0.4;-0.6);(-0.2;-0.8)},121400
1200,10,{(-0.4;-0.6);(-0.2;-0.8)},120515
1200,10,{(-0.4;-0.6);(-0.2;-0.8)},120793
1200,10,{(-0.4;-0.6);(-0.2;-0.8)},120742
1200,10,{(-0.24;-0.64);(-0.26;-0.66)},124868
1200,10,{(-0.24;-0.64);(-0.26;-0.66)},124807
1200,10,{(-0.24;-0.64);(-0.26;-0.66)},124119
1200,10,{(-0.24;-0.64);(-0.26;-0.66)},124184
1200,30,{(-1.72;1.2);(1;-1.2)},146896
1200,30,{(-1.72;1.2);(1;-1.2)},147028
1200,30,{(-1.72;1.2);(1;-1.2)},146630
1200,30,{(-1.72;1.2);(1;-1.2)},146560
1200,30,{(-0.7;0);(0.3;-1)},261505
1200,30,{(-0.7;0);(0.3;-1)},262842
1200,30,{(-0.7;0);(0.3;-1)},261530
1200,30,{(-0.7;0);(0.3;-1)},261843
1200,30,{(-0.4;-0.5);(0.1;-1)},234990
1200,30,{(-0.4;-0.5);(0.1;-1)},235390
1200,30,{(-0.4;-0.5);(0.1;-1)},235043
1200,30,{(-0.4;-0.5);(0.1;-1)},235862
1200,30,{(-0.4;-0.6);(-0.2;-0.8)},225738
1200,30,{(-0.4;-0.6);(-0.2;-0.8)},228399
1200,30,{(-0.4;-0.6);(-0.2;-0.8)},226849
1200,30,{(-0.4;-0.6);(-0.2;-0.8)},227545
1200,30,{(-0.24;-0.64);(-0.26;-0.66)},325014
1200,30,{(-0.24;-0.64);(-0.26;-0.66)},324778
1200,30,{(-0.24;-0.64);(-0.26;-0.66)},325022
1200,30,{(-0.24;-0.64);(-0.26;-0.66)},324118
1200,80,{(-1.72;1.2);(1;-1.2)},273758
1200,80,{(-1.72;1.2);(1;-1.2)},272347
1200,80,{(-1.72;1.2);(1;-1.2)},272981
1200,80,{(-1.72;1.2);(1;-1.2)},272339
1200,80,{(-0.7;0);(0.3;-1)},587493
1200,80,{(-0.7;0);(0.3;-1)},589497
1200,80,{(-0.7;0);(0.3;-1)},586784
1200,80,{(-0.7;0);(0.3;-1)},587847
1200,80,{(-0.4;-0.5);(0.1;-1)},462406
1200,80,{(-0.4;-0.5);(0.1;-1)},463954
1200,80,{(-0.4;-0.5);(0.1;-1)},464413
1200,80,{(-0.4;-0.5);(0.1;-1)},462727
1200,80,{(-0.4;-0.6);(-0.2;-0.8)},378712
1200,80,{(-0.4;-0.6);(-0.2;-0.8)},379540
1200,80,{(-0.4;-0.6);(-0.2;-0.8)},379742
1200,80,{(-0.4;-0.6);(-0.2;-0.8)},378689
1200,80,{(-0.24;-0.64);(-0.26;-0.66)},613124
1200,80,{(-0.24;-0.64);(-0.26;-0.66)},613246
1200,80,{(-0.24;-0.64);(-0.26;-0.66)},614461
1200,80,{(-0.24;-0.64);(-0.26;-0.66)},613422
1200,150,{(-1.72;1.2);(1;-1.2)},443168
1200,150,{(-1.72;1.2);(1;-1.2)},443620
1200,150,{(-1.72;1.2);(1;-1.2)},445917
1200,150,{(-1.72;1.2);(1;-1.2)},443631
1200,150,{(-0.7;0);(0.3;-1)},1032899
1200,150,{(-0.7;0);(0.3;-1)},1035866
1200,150,{(-0.7;0);(0.3;-1)},1046714
1200,150,{(-0.7;0);(0.3;-1)},1040016
1200,150,{(-0.4;-0.5);(0.1;-1)},760614
1200,150,{(-0.4;-0.5);(0.1;-1)},763150
1200,150,{(-0.4;-0.5);(0.1;-1)},761080
1200,150,{(-0.4;-0.5);(0.1;-1)},762217
1200,150,{(-0.4;-0.6);(-0.2;-0.8)},548924
1200,150,{(-0.4;-0.6);(-0.2;-0.8)},549401
1200,150,{(-0.4;-0.6);(-0.2;-0.8)},548705
1200,150,{(-0.4;-0.6);(-0.2;-0.8)},549413
1200,150,{(-0.24;-0.64);(-0.26;-0.66)},862373
1200,150,{(-0.24;-0.64);(-0.26;-0.66)},861355
1200,150,{(-0.24;-0.64);(-0.26;-0.66)},863665
1200,150,{(-0.24;-0.64);(-0.26;-0.66)},861646
1200,250,{(-1.72;1.2);(1;-1.2)},686087
1200,250,{(-1.72;1.2);(1;-1.2)},686309
1200,250,{(-1.72;1.2);(1;-1.2)},684312
1200,250,{(-1.72;1.2);(1;-1.2)},684688
1200,250,{(-0.7;0);(0.3;-1)},1667362
1200,250,{(-0.7;0);(0.3;-1)},1670145
1200,250,{(-0.7;0);(0.3;-1)},1668353
1200,250,{(-0.7;0);(0.3;-1)},1667774
1200,250,{(-0.4;-0.5);(0.1;-1)},1180713
1200,250,{(-0.4;-0.5);(0.1;-1)},1181660
1200,250,{(-0.4;-0.5);(0.1;-1)},1181057
1200,250,{(-0.4;-0.5);(0.1;-1)},1180753
1200,250,{(-0.4;-0.6);(-0.2;-0.8)},769726
1200,250,{(-0.4;-0.6);(-0.2;-0.8)},768782
1200,250,{(-0.4;-0.6);(-0.2;-0.8)},770589
1200,250,{(-0.4;-0.6);(-0.2;-0.8)},771315
1200,250,{(-0.24;-0.64);(-0.26;-0.66)},1092603
1200,250,{(-0.24;-0.64);(-0.26;-0.66)},1092873
1200,250,{(-0.24;-0.64);(-0.26;-0.66)},1092425
1200,250,{(-0.24;-0.64);(-0.26;-0.66)},1094888
1200,500,{(-1.72;1.2);(1;-1.2)},1284797
1200,500,{(-1.72;1.2);(1;-1.2)},1283641
1200,500,{(-1.72;1.2);(1;-1.2)},1283975
1200,500,{(-1.72;1.2);(1;-1.2)},1295443
1200,500,{(-0.7;0);(0.3;-1)},3240268
1200,500,{(-0.7;0);(0.3;-1)},3247822
1200,500,{(-0.7;0);(0.3;-1)},3247016
1200,500,{(-0.7;0);(0.3;-1)},3242302
1200,500,{(-0.4;-0.5);(0.1;-1)},2214392
1200,500,{(-0.4;-0.5);(0.1;-1)},2214206
1200,500,{(-0.4;-0.5);(0.1;-1)},2219756
1200,500,{(-0.4;-0.5);(0.1;-1)},2216704
1200,500,{(-0.4;-0.6);(-0.2;-0.8)},1286179
1200,500,{(-0.4;-0.6);(-0.2;-0.8)},1288948
1200,500,{(-0.4;-0.6);(-0.2;-0.8)},1290247
1200,500,{(-0.4;-0.6);(-0.2;-0.8)},1287474
1200,500,{(-0.24;-0.64);(-0.26;-0.66)},1534043
1200,500,{(-0.24;-0.64);(-0.26;-0.66)},1473442
1200,500,{(-0.24;-0.64);(-0.26;-0.66)},1460853
1200,500,{(-0.24;-0.64);(-0.26;-0.66)},1461512
1200,1000,{(-1.72;1.2);(1;-1.2)},2473736
1200,1000,{(-1.72;1.2);(1;-1.2)},2470741
1200,1000,{(-1.72;1.2);(1;-1.2)},2480171
1200,1000,{(-1.72;1.2);(1;-1.2)},2478900
1200,1000,{(-0.7;0);(0.3;-1)},6389540
1200,1000,{(-0.7;0);(0.3;-1)},6394005
1200,1000,{(-0.7;0);(0.3;-1)},6414988
1200,1000,{(-0.7;0);(0.3;-1)},6387823
1200,1000,{(-0.4;-0.5);(0.1;-1)},4269503
1200,1000,{(-0.4;-0.5);(0.1;-1)},4271534
1200,1000,{(-0.4;-0.5);(0.1;-1)},4268088
1200,1000,{(-0.4;-0.5);(0.1;-1)},4264538
1200,1000,{(-0.4;-0.6);(-0.2;-0.8)},2297333
1200,1000,{(-0.4;-0.6);(-0.2;-0.8)},2285605
1200,1000,{(-0.4;-0.6);(-0.2;-0.8)},2281148
1200,1000,{(-0.4;-0.6);(-0.2;-0.8)},2279777
1200,1000,{(-0.24;-0.64);(-0.26;-0.66)},2026073
1200,1000,{(-0.24;-0.64);(-0.26;-0.66)},2025769
1200,1000,{(-0.24;-0.64);(-0.26;-0.66)},2034358
1200,1000,{(-0.24;-0.64);(-0.26;-0.66)},2031289
1200,2000,{(-1.72;1.2);(1;-1.2)},4867485
1200,2000,{(-1.72;1.2);(1;-1.2)},4866151
1200,2000,{(-1.72;1.2);(1;-1.2)},4866196
1200,2000,{(-1.72;1.2);(1;-1.2)},4848577
1200,2000,{(-0.7;0);(0.3;-1)},12632422
1200,2000,{(-0.7;0);(0.3;-1)},12627160
1200,2000,{(-0.7;0);(0.3;-1)},12629442
1200,2000,{(-0.7;0);(0.3;-1)},12639934
1200,2000,{(-0.4;-0.5);(0.1;-1)},8373147
1200,2000,{(-0.4;-0.5);(0.1;-1)},8335610
1200,2000,{(-0.4;-0.5);(0.1;-1)},8336697
1200,2000,{(-0.4;-0.5);(0.1;-1)},8350774
1200,2000,{(-0.4;-0.6);(-0.2;-0.8)},4268028
1200,2000,{(-0.4;-0.6);(-0.2;-0.8)},4256701
1200,2000,{(-0.4;-0.6);(-0.2;-0.8)},4262507
1200,2000,{(-0.4;-0.6);(-0.2;-0.8)},4262195
1200,2000,{(-0.24;-0.64);(-0.26;-0.66)},3050989
1200,2000,{(-0.24;-0.64);(-0.26;-0.66)},3052519
1200,2000,{(-0.24;-0.64);(-0.26;-0.66)},3053218
1200,2000,{(-0.24;-0.64);(-0.26;-0.66)},3050933
1200,8000,{(-1.72;1.2);(1;-1.2)},19155855
1200,8000,{(-1.72;1.2);(1;-1.2)},19096850
1200,8000,{(-1.72;1.2);(1;-1.2)},19100223
1200,8000,{(-1.72;1.2);(1;-1.2)},19185525
1200,8000,{(-0.7;0);(0.3;-1)},50392237
1200,8000,{(-0.7;0);(0.3;-1)},50384431
1200,8000,{(-0.7;0);(0.3;-1)},50257834
1200,8000,{(-0.7;0);(0.3;-1)},50245822
1200,8000,{(-0.4;-0.5);(0.1;-1)},32853509
1200,8000,{(-0.4;-0.5);(0.1;-1)},32789197
1200,8000,{(-0.4;-0.5);(0.1;-1)},32726273
1200,8000,{(-0.4;-0.5);(0.1;-1)},32902748
1200,8000,{(-0.4;-0.6);(-0.2;-0.8)},15961593
1200,8000,{(-0.4;-0.6);(-0.2;-0.8)},15947061
1200,8000,{(-0.4;-0.6);(-0.2;-0.8)},15913227
1200,8000,{(-0.4;-0.6);(-0.2;-0.8)},15906172
1200,8000,{(-0.24;-0.64);(-0.26;-0.66)},8930790
1200,8000,{(-0.24;-0.64);(-0.26;-0.66)},8928938
1200,8000,{(-0.24;-0.64);(-0.26;-0.66)},8929250
1200,8000,{(-0.24;-0.64);(-0.26;-0.66)},8935415
1600,1,{(-1.72;1.2);(1;-1.2)},40147
1600,1,{(-1.72;1.2);(1;-1.2)},39418
1600,1,{(-1.72;1.2);(1;-1.2)},39145
1600,1,{(-1.72;1.2);(1;-1.2)},39352
1600,1,{(-0.7;0);(0.3;-1)},39256
1600,1,{(-0.7;0);(0.3;-1)},39319
1600,1,{(-0.7;0);(0.3;-1)},39581
1600,1,{(-0.7;0);(0.3;-1)},39393
1600,1,{(-0.4;-0.5);(0.1;-1)},39302
1600,1,{(-0.4;-0.5);(0.1;-1)},39399
1600,1,{(-0.4;-0.5);(0.1;-1)},39470
1600,1,{(-0.4;-0.5);(0.1;-1)},39244
1600,1,{(-0.4;-0.6);(-0.2;-0.8)},39843
1600,1,{(-0.4;-0.6);(-0.2;-0.8)},39416
1600,1,{(-0.4;-0.6);(-0.2;-0.8)},39453
1600,1,{(-0.4;-0.6);(-0.2;-0.8)},39246
1600,1,{(-0.24;-0.64);(-0.26;-0.66)},39322
1600,1,{(-0.24;-0.64);(-0.26;-0.66)},39437
1600,1,{(-0.24;-0.64);(-0.26;-0.66)},39458
1600,1,{(-0.24;-0.64);(-0.26;-0.66)},39605
1600,10,{(-1.72;1.2);(1;-1.2)},153671
1600,10,{(-1.72;1.2);(1;-1.2)},153750
1600,10,{(-1.72;1.2);(1;-1.2)},153980
1600,10,{(-1.72;1.2);(1;-1.2)},154545
1600,10,{(-0.7;0);(0.3;-1)},207530
1600,10,{(-0.7;0);(0.3;-1)},207707
1600,10,{(-0.7;0);(0.3;-1)},210563
1600,10,{(-0.7;0);(0.3;-1)},210116
1600,10,{(-0.4;-0.5);(0.1;-1)},209957
1600,10,{(-0.4;-0.5);(0.1;-1)},207179
1600,10,{(-0.4;-0.5);(0.1;-1)},208177
1600,10,{(-0.4;-0.5);(0.1;-1)},206593
1600,10,{(-0.4;-0.6);(-0.2;-0.8)},213518
1600,10,{(-0.4;-0.6);(-0.2;-0.8)},240917
1600,10,{(-0.4;-0.6);(-0.2;-0.8)},214861
1600,10,{(-0.4;-0.6);(-0.2;-0.8)},213487
1600,10,{(-0.24;-0.64);(-0.26;-0.66)},219403
1600,10,{(-0.24;-0.64);(-0.26;-0.66)},219453
1600,10,{(-0.24;-0.64);(-0.26;-0.66)},220259
1600,10,{(-0.24;-0.64);(-0.26;-0.66)},220175
1600,30,{(-1.72;1.2);(1;-1.2)},258700
1600,30,{(-1.72;1.2);(1;-1.2)},258952
1600,30,{(-1.72;1.2);(1;-1.2)},259249
1600,30,{(-1.72;1.2);(1;-1.2)},260916
1600,30,{(-0.7;0);(0.3;-1)},463228
1600,30,{(-0.7;0);(0.3;-1)},463381
1600,30,{(-0.7;0);(0.3;-1)},463205
1600,30,{(-0.7;0);(0.3;-1)},464209
1600,30,{(-0.4;-0.5);(0.1;-1)},416683
1600,30,{(-0.4;-0.5);(0.1;-1)},417118
1600,30,{(-0.4;-0.5);(0.1;-1)},416214
1600,30,{(-0.4;-0.5);(0.1;-1)},415835
1600,30,{(-0.4;-0.6);(-0.2;-0.8)},402065
1600,30,{(-0.4;-0.6);(-0.2;-0.8)},399824
1600,30,{(-0.4;-0.6);(-0.2;-0.8)},400336
1600,30,{(-0.4;-0.6);(-0.2;-0.8)},399983
1600,30,{(-0.24;-0.64);(-0.26;-0.66)},574062
1600,30,{(-0.24;-0.64);(-0.26;-0.66)},579792
1600,30,{(-0.24;-0.64);(-0.26;-0.66)},575170
1600,30,{(-0.24;-0.64);(-0.26;-0.66)},575832
1600,80,{(-1.72;1.2);(1;-1.2)},484616
1600,80,{(-1.72;1.2);(1;-1.2)},483461
1600,80,{(-1.72;1.2);(1;-1.2)},483427
1600,80,{(-1.72;1.2);(1;-1.2)},484273
1600,80,{(-0.7;0);(0.3;-1)},1044545
1600,80,{(-0.7;0);(0.3;-1)},1043118
1600,80,{(-0.7;0);(0.3;-1)},1045611
1600,80,{(-0.7;0);(0.3;-1)},1044055
1600,80,{(-0.4;-0.5);(0.1;-1)},821987
1600,80,{(-0.4;-0.5);(0.1;-1)},820144
1600,80,{(-0.4;-0.5);(0.1;-1)},821478
1600,80,{(-0.4;-0.5);(0.1;-1)},822880
1600,80,{(-0.4;-0.6);(-0.2;-0.8)},672716
1600,80,{(-0.4;-0.6);(-0.2;-0.8)},675100
1600,80,{(-0.4;-0.6);(-0.2;-0.8)},672913
1600,80,{(-0.4;-0.6);(-0.2;-0.8)},672155
1600,80,{(-0.24;-0.64);(-0.26;-0.66)},1091496
1600,80,{(-0.24;-0.64);(-0.26;-0.66)},1091000
1600,80,{(-0.24;-0.64);(-0.26;-0.66)},1090950
1600,80,{(-0.24;-0.64);(-0.26;-0.66)},1091847
1600,150,{(-1.72;1.2);(1;-1.2)},788014
1600,150,{(-1.72;1.2);(1;-1.2)},787732
1600,150,{(-1.72;1.2);(1;-1.2)},789428
1600,150,{(-1.72;1.2);(1;-1.2)},790191
1600,150,{(-0.7;0);(0.3;-1)},1837617
1600,150,{(-0.7;0);(0.3;-1)},1838707
1600,150,{(-0.7;0);(0.3;-1)},1893588
1600,150,{(-0.7;0);(0.3;-1)},1832500
1600,150,{(-0.4;-0.5);(0.1;-1)},1350038
1600,150,{(-0.4;-0.5);(0.1;-1)},1353929
1600,150,{(-0.4;-0.5);(0.1;-1)},1351185
1600,150,{(-0.4;-0.5);(0.1;-1)},1350316
1600,150,{(-0.4;-0.6);(-0.2;-0.8)},971061
1600,150,{(-0.4;-0.6);(-0.2;-0.8)},975449
1600,150,{(-0.4;-0.6);(-0.2;-0.8)},974498
1600,150,{(-0.4;-0.6);(-0.2;-0.8)},970831
1600,150,{(-0.24;-0.64);(-0.26;-0.66)},1528890
1600,150,{(-0.24;-0.64);(-0.26;-0.66)},1531532
1600,150,{(-0.24;-0.64);(-0.26;-0.66)},1534148
1600,150,{(-0.24;-0.64);(-0.26;-0.66)},1532846
1600,250,{(-1.72;1.2);(1;-1.2)},1215623
1600,250,{(-1.72;1.2);(1;-1.2)},1221666
1600,250,{(-1.72;1.2);(1;-1.2)},1216551
1600,250,{(-1.72;1.2);(1;-1.2)},1215915
1600,250,{(-0.7;0);(0.3;-1)},2966644
1600,250,{(-0.7;0);(0.3;-1)},2968428
1600,250,{(-0.7;0);(0.3;-1)},2962989
1600,250,{(-0.7;0);(0.3;-1)},2953995
1600,250,{(-0.4;-0.5);(0.1;-1)},2100738
1600,250,{(-0.4;-0.5);(0.1;-1)},2097045
1600,250,{(-0.4;-0.5);(0.1;-1)},2098475
1600,250,{(-0.4;-0.5);(0.1;-1)},2105123
1600,250,{(-0.4;-0.6);(-0.2;-0.8)},1367972
1600,250,{(-0.4;-0.6);(-0.2;-0.8)},1367159
1600,250,{(-0.4;-0.6);(-0.2;-0.8)},1368965
1600,250,{(-0.4;-0.6);(-0.2;-0.8)},1368275
1600,250,{(-0.24;-0.64);(-0.26;-0.66)},1943135
1600,250,{(-0.24;-0.64);(-0.26;-0.66)},1942156
1600,250,{(-0.24;-0.64);(-0.26;-0.66)},1939825
1600,250,{(-0.24;-0.64);(-0.26;-0.66)},1943418
1600,500,{(-1.72;1.2);(1;-1.2)},2283298
1600,500,{(-1.72;1.2);(1;-1.2)},2281712
1600,500,{(-1.72;1.2);(1;-1.2)},2280647
1600,500,{(-1.72;1.2);(1;-1.2)},2281329
1600,500,{(-0.7;0);(0.3;-1)},5776736
1600,500,{(-0.7;0);(0.3;-1)},5769274
1600,500,{(-0.7;0);(0.3;-1)},5772007
1600,500,{(-0.7;0);(0.3;-1)},5771002
1600,500,{(-0.4;-0.5);(0.1;-1)},3935239
1600,500,{(-0.4;-0.5);(0.1;-1)},3935353
1600,500,{(-0.4;-0.5);(0.1;-1)},3936884
1600,500,{(-0.4;-0.5);(0.1;-1)},3946058
1600,500,{(-0.4;-0.6);(-0.2;-0.8)},2288192
1600,500,{(-0.4;-0.6);(-0.2;-0.8)},2290476
1600,500,{(-0.4;-0.6);(-0.2;-0.8)},2288061
1600,500,{(-0.4;-0.6);(-0.2;-0.8)},2287063
1600,500,{(-0.24;-0.64);(-0.26;-0.66)},2607075
1600,500,{(-0.24;-0.64);(-0.26;-0.66)},2609991
1600,500,{(-0.24;-0.64);(-0.26;-0.66)},2655830
1600,500,{(-0.24;-0.64);(-0.26;-0.66)},2600239
1600,1000,{(-1.72;1.2);(1;-1.2)},4399699
1600,1000,{(-1.72;1.2);(1;-1.2)},4400500
1600,1000,{(-1.72;1.2);(1;-1.2)},4395212
1600,1000,{(-1.72;1.2);(1;-1.2)},4401711
1600,1000,{(-0.7;0);(0.3;-1)},11383098
1600,1000,{(-0.7;0);(0.3;-1)},11324198
1600,1000,{(-0.7;0);(0.3;-1)},11318885
1600,1000,{(-0.7;0);(0.3;-1)},11319040
1600,1000,{(-0.4;-0.5);(0.1;-1)},7576987
1600,1000,{(-0.4;-0.5);(0.1;-1)},7586861
1600,1000,{(-0.4;-0.5);(0.1;-1)},7691669
1600,1000,{(-0.4;-0.5);(0.1;-1)},7561154
1600,1000,{(-0.4;-0.6);(-0.2;-0.8)},4057598
1600,1000,{(-0.4;-0.6);(-0.2;-0.8)},4054991
1600,1000,{(-0.4;-0.6);(-0.2;-0.8)},4054957
1600,1000,{(-0.4;-0.6);(-0.2;-0.8)},4055756
1600,1000,{(-0.24;-0.64);(-0.26;-0.66)},3597718
1600,1000,{(-0.24;-0.64);(-0.26;-0.66)},3600377
1600,1000,{(-0.24;-0.64);(-0.26;-0.66)},3597802
1600,1000,{(-0.24;-0.64);(-0.26;-0.66)},3596831
1600,2000,{(-1.72;1.2);(1;-1.2)},8622161
1600,2000,{(-1.72;1.2);(1;-1.2)},8638658
1600,2000,{(-1.72;1.2);(1;-1.2)},8635506
1600,2000,{(-1.72;1.2);(1;-1.2)},8628725
1600,2000,{(-0.7;0);(0.3;-1)},22496139
1600,2000,{(-0.7;0);(0.3;-1)},22506344
1600,2000,{(-0.7;0);(0.3;-1)},22451894
1600,2000,{(-0.7;0);(0.3;-1)},22538367
1600,2000,{(-0.4;-0.5);(0.1;-1)},14852940
1600,2000,{(-0.4;-0.5);(0.1;-1)},14851394
1600,2000,{(-0.4;-0.5);(0.1;-1)},14840120
1600,2000,{(-0.4;-0.5);(0.1;-1)},14795175
1600,2000,{(-0.4;-0.6);(-0.2;-0.8)},7548378
1600,2000,{(-0.4;-0.6);(-0.2;-0.8)},7593096
1600,2000,{(-0.4;-0.6);(-0.2;-0.8)},7573340
1600,2000,{(-0.4;-0.6);(-0.2;-0.8)},7540689
1600,2000,{(-0.24;-0.64);(-0.26;-0.66)},5438898
1600,2000,{(-0.24;-0.64);(-0.26;-0.66)},5423282
1600,2000,{(-0.24;-0.64);(-0.26;-0.66)},5424286
1600,2000,{(-0.24;-0.64);(-0.26;-0.66)},5419262
1600,8000,{(-1.72;1.2);(1;-1.2)},34099851
1600,8000,{(-1.72;1.2);(1;-1.2)},34070588
1600,8000,{(-1.72;1.2);(1;-1.2)},34070080
1600,8000,{(-1.72;1.2);(1;-1.2)},34075353
1600,8000,{(-0.7;0);(0.3;-1)},89368816
1600,8000,{(-0.7;0);(0.3;-1)},89534888
1600,8000,{(-0.7;0);(0.3;-1)},89262489
1600,8000,{(-0.7;0);(0.3;-1)},89381937
1600,8000,{(-0.4;-0.5);(0.1;-1)},58303735
1600,8000,{(-0.4;-0.5);(0.1;-1)},58294413
1600,8000,{(-0.4;-0.5);(0.1;-1)},58338537
1600,8000,{(-0.4;-0.5);(0.1;-1)},58349797
1600,8000,{(-0.4;-0.6);(-0.2;-0.8)},28328267
1600,8000,{(-0.4;-0.6);(-0.2;-0.8)},28356831
1600,8000,{(-0.4;-0.6);(-0.2;-0.8)},28370496
1600,8000,{(-0.4;-0.6);(-0.2;-0.8)},28358948
1600,8000,{(-0.24;-0.64);(-0.26;-0.66)},15948627
1600,8000,{(-0.24;-0.64);(-0.26;-0.66)},15981434
1600,8000,{(-0.24;-0.64);(-0.26;-0.66)},15943377
1600,8000,{(-0.24;-0.64);(-0.26;-0.66)},15925195
2000,1,{(-1.72;1.2);(1;-1.2)},65340
2000,1,{(-1.72;1.2);(1;-1.2)},64102
2000,1,{(-1.72;1.2);(1;-1.2)},64276
2000,1,{(-1.72;1.2);(1;-1.2)},64489
2000,1,{(-0.7;0);(0.3;-1)},64201
2000,1,{(-0.7;0);(0.3;-1)},64455
2000,1,{(-0.7;0);(0.3;-1)},64040
2000,1,{(-0.7;0);(0.3;-1)},64481
2000,1,{(-0.4;-0.5);(0.1;-1)},64049
2000,1,{(-0.4;-0.5);(0.1;-1)},63810
2000,1,{(-0.4;-0.5);(0.1;-1)},64236
2000,1,{(-0.4;-0.5);(0.1;-1)},63815
2000,1,{(-0.4;-0.6);(-0.2;-0.8)},64456
2000,1,{(-0.4;-0.6);(-0.2;-0.8)},64684
2000,1,{(-0.4;-0.6);(-0.2;-0.8)},64059
2000,1,{(-0.4;-0.6);(-0.2;-0.8)},64061
2000,1,{(-0.24;-0.64);(-0.26;-0.66)},64555
2000,1,{(-0.24;-0.64);(-0.26;-0.66)},63705
2000,1,{(-0.24;-0.64);(-0.26;-0.66)},64029
2000,1,{(-0.24;-0.64);(-0.26;-0.66)},64166
2000,10,{(-1.72;1.2);(1;-1.2)},240754
2000,10,{(-1.72;1.2);(1;-1.2)},240814
2000,10,{(-1.72;1.2);(1;-1.2)},242041
2000,10,{(-1.72;1.2);(1;-1.2)},241330
2000,10,{(-0.7;0);(0.3;-1)},319435
2000,10,{(-0.7;0);(0.3;-1)},319558
2000,10,{(-0.7;0);(0.3;-1)},320323
2000,10,{(-0.7;0);(0.3;-1)},319029
2000,10,{(-0.4;-0.5);(0.1;-1)},325356
2000,10,{(-0.4;-0.5);(0.1;-1)},324418
2000,10,{(-0.4;-0.5);(0.1;-1)},323511
2000,10,{(-0.4;-0.5);(0.1;-1)},323348
2000,10,{(-0.4;-0.6);(-0.2;-0.8)},333840
2000,10,{(-0.4;-0.6);(-0.2;-0.8)},333479
2000,10,{(-0.4;-0.6);(-0.2;-0.8)},335525
2000,10,{(-0.4;-0.6);(-0.2;-0.8)},333662
2000,10,{(-0.24;-0.64);(-0.26;-0.66)},343997
2000,10,{(-0.24;-0.64);(-0.26;-0.66)},344319
2000,10,{(-0.24;-0.64);(-0.26;-0.66)},343958
2000,10,{(-0.24;-0.64);(-0.26;-0.66)},343279
2000,30,{(-1.72;1.2);(1;-1.2)},408080
2000,30,{(-1.72;1.2);(1;-1.2)},405729
2000,30,{(-1.72;1.2);(1;-1.2)},405429
2000,30,{(-1.72;1.2);(1;-1.2)},406724
2000,30,{(-0.7;0);(0.3;-1)},727013
2000,30,{(-0.7;0);(0.3;-1)},729219
2000,30,{(-0.7;0);(0.3;-1)},731709
2000,30,{(-0.7;0);(0.3;-1)},726771
2000,30,{(-0.4;-0.5);(0.1;-1)},651779
2000,30,{(-0.4;-0.5);(0.1;-1)},651249
2000,30,{(-0.4;-0.5);(0.1;-1)},657550
2000,30,{(-0.4;-0.5);(0.1;-1)},651336
2000,30,{(-0.4;-0.6);(-0.2;-0.8)},627776
2000,30,{(-0.4;-0.6);(-0.2;-0.8)},658805
2000,30,{(-0.4;-0.6);(-0.2;-0.8)},670541
2000,30,{(-0.4;-0.6);(-0.2;-0.8)},633296
2000,30,{(-0.24;-0.64);(-0.26;-0.66)},898806
2000,30,{(-0.24;-0.64);(-0.26;-0.66)},897142
2000,30,{(-0.24;-0.64);(-0.26;-0.66)},898346
2000,30,{(-0.24;-0.64);(-0.26;-0.66)},899467
2000,80,{(-1.72;1.2);(1;-1.2)},754311
2000,80,{(-1.72;1.2);(1;-1.2)},755498
2000,80,{(-1.72;1.2);(1;-1.2)},752864
2000,80,{(-1.72;1.2);(1;-1.2)},754403
2000,80,{(-0.7;0);(0.3;-1)},1625317
2000,80,{(-0.7;0);(0.3;-1)},1627975
2000,80,{(-0.7;0);(0.3;-1)},1626266
2000,80,{(-0.7;0);(0.3;-1)},1625853
2000,80,{(-0.4;-0.5);(0.1;-1)},1280840
2000,80,{(-0.4;-0.5);(0.1;-1)},1279299
2000,80,{(-0.4;-0.5);(0.1;-1)},1279549
2000,80,{(-0.4;-0.5);(0.1;-1)},1278316
2000,80,{(-0.4;-0.6);(-0.2;-0.8)},1049031
2000,80,{(-0.4;-0.6);(-0.2;-0.8)},1046401
2000,80,{(-0.4;-0.6);(-0.2;-0.8)},1047252
2000,80,{(-0.4;-0.6);(-0.2;-0.8)},1046914
2000,80,{(-0.24;-0.64);(-0.26;-0.66)},1702456
2000,80,{(-0.24;-0.64);(-0.26;-0.66)},1697740
2000,80,{(-0.24;-0.64);(-0.26;-0.66)},1701292
2000,80,{(-0.24;-0.64);(-0.26;-0.66)},1699137
2000,150,{(-1.72;1.2);(1;-1.2)},1224998
2000,150,{(-1.72;1.2);(1;-1.2)},1228385
2000,150,{(-1.72;1.2);(1;-1.2)},1232127
2000,150,{(-1.72;1.2);(1;-1.2)},1226459
2000,150,{(-0.7;0);(0.3;-1)},2863445
2000,150,{(-0.7;0);(0.3;-1)},2860075
2000,150,{(-0.7;0);(0.3;-1)},2863552
2000,150,{(-0.7;0);(0.3;-1)},2863937
2000,150,{(-0.4;-0.5);(0.1;-1)},2108509
2000,150,{(-0.4;-0.5);(0.1;-1)},2108555
2000,150,{(-0.4;-0.5);(0.1;-1)},2107408
2000,150,{(-0.4;-0.5);(0.1;-1)},2110254
2000,150,{(-0.4;-0.6);(-0.2;-0.8)},1520134
2000,150,{(-0.4;-0.6);(-0.2;-0.8)},1520441
2000,150,{(-0.4;-0.6);(-0.2;-0.8)},1519449
2000,150,{(-0.4;-0.6);(-0.2;-0.8)},1524046
2000,150,{(-0.24;-0.64);(-0.26;-0.66)},2397490
2000,150,{(-0.24;-0.64);(-0.26;-0.66)},2399004
2000,150,{(-0.24;-0.64);(-0.26;-0.66)},2396016
2000,150,{(-0.24;-0.64);(-0.26;-0.66)},2394851
2000,250,{(-1.72;1.2);(1;-1.2)},1903277
2000,250,{(-1.72;1.2);(1;-1.2)},1901365
2000,250,{(-1.72;1.2);(1;-1.2)},1903296
2000,250,{(-1.72;1.2);(1;-1.2)},1900390
2000,250,{(-0.7;0);(0.3;-1)},4631747
2000,250,{(-0.7;0);(0.3;-1)},4637626
2000,250,{(-0.7;0);(0.3;-1)},4633661
2000,250,{(-0.7;0);(0.3;-1)},4635006
2000,250,{(-0.4;-0.5);(0.1;-1)},3276171
2000,250,{(-0.4;-0.5);(0.1;-1)},3277737
2000,250,{(-0.4;-0.5);(0.1;-1)},3281308
2000,250,{(-0.4;-0.5);(0.1;-1)},3279038
2000,250,{(-0.4;-0.6);(-0.2;-0.8)},2134992
2000,250,{(-0.4;-0.6);(-0.2;-0.8)},2136349
2000,250,{(-0.4;-0.6);(-0.2;-0.8)},2145547
2000,250,{(-0.4;-0.6);(-0.2;-0.8)},2145260
2000,250,{(-0.24;-0.64);(-0.26;-0.66)},3032542
2000,250,{(-0.24;-0.64);(-0.26;-0.66)},3033011
2000,250,{(-0.24;-0.64);(-0.26;-0.66)},3035427
2000,250,{(-0.24;-0.64);(-0.26;-0.66)},3034114
2000,500,{(-1.72;1.2);(1;-1.2)},3571552
2000,500,{(-1.72;1.2);(1;-1.2)},3571957
2000,500,{(-1.72;1.2);(1;-1.2)},3566145
2000,500,{(-1.72;1.2);(1;-1.2)},3570480
2000,500,{(-0.7;0);(0.3;-1)},9016459
2000,500,{(-0.7;0);(0.3;-1)},9050461
2000,500,{(-0.7;0);(0.3;-1)},9020203
2000,500,{(-0.7;0);(0.3;-1)},9020182
2000,500,{(-0.4;-0.5);(0.1;-1)},6150469
2000,500,{(-0.4;-0.5);(0.1;-1)},6154111
2000,500,{(-0.4;-0.5);(0.1;-1)},6153103
2000,500,{(-0.4;-0.5);(0.1;-1)},6153307
2000,500,{(-0.4;-0.6);(-0.2;-0.8)},3580188
2000,500,{(-0.4;-0.6);(-0.2;-0.8)},3574978
2000,500,{(-0.4;-0.6);(-0.2;-0.8)},3574600
2000,500,{(-0.4;-0.6);(-0.2;-0.8)},3576155
2000,500,{(-0.24;-0.64);(-0.26;-0.66)},4072638
2000,500,{(-0.24;-0.64);(-0.26;-0.66)},4073986
2000,500,{(-0.24;-0.64);(-0.26;-0.66)},4073004
2000,500,{(-0.24;-0.64);(-0.26;-0.66)},4080638
2000,1000,{(-1.72;1.2);(1;-1.2)},6940940
2000,1000,{(-0.7;0);(0.3;-1)},17754163
2000,1000,{(-0.4;-0.5);(0.1;-1)},11866674
2000,1000,{(-0.4;-0.6);(-0.2;-0.8)},6355789
2000,1000,{(-0.24;-0.64);(-0.26;-0.66)},5639170
2000,2000,{(-1.72;1.2);(1;-1.2)},13516940
2000,2000,{(-0.7;0);(0.3;-1)},35212689
2000,2000,{(-0.4;-0.5);(0.1;-1)},23133100
2000,2000,{(-0.4;-0.6);(-0.2;-0.8)},11801474
2000,2000,{(-0.24;-0.64);(-0.26;-0.66)},8442319
2000,8000,{(-1.72;1.2);(1;-1.2)},53255704
2000,8000,{(-0.7;0);(0.3;-1)},139949198
2000,8000,{(-0.4;-0.5);(0.1;-1)},90991208
2000,8000,{(-0.4;-0.6);(-0.2;-0.8)},44274451
2000,8000,{(-0.24;-0.64);(-0.26;-0.66)},24848910
4000,1,{(-1.72;1.2);(1;-1.2)},267693
4000,1,{(-1.72;1.2);(1;-1.2)},262685
4000,1,{(-1.72;1.2);(1;-1.2)},262520
4000,1,{(-1.72;1.2);(1;-1.2)},262958
4000,1,{(-0.7;0);(0.3;-1)},264785
4000,1,{(-0.7;0);(0.3;-1)},262493
4000,1,{(-0.7;0);(0.3;-1)},262442
4000,1,{(-0.7;0);(0.3;-1)},263235
4000,1,{(-0.4;-0.5);(0.1;-1)},263571
4000,1,{(-0.4;-0.5);(0.1;-1)},262685
4000,1,{(-0.4;-0.5);(0.1;-1)},262670
4000,1,{(-0.4;-0.5);(0.1;-1)},262913
4000,1,{(-0.4;-0.6);(-0.2;-0.8)},264338
4000,1,{(-0.4;-0.6);(-0.2;-0.8)},262520
4000,1,{(-0.4;-0.6);(-0.2;-0.8)},262295
4000,1,{(-0.4;-0.6);(-0.2;-0.8)},262940
4000,1,{(-0.24;-0.64);(-0.26;-0.66)},262733
4000,1,{(-0.24;-0.64);(-0.26;-0.66)},264227
4000,1,{(-0.24;-0.64);(-0.26;-0.66)},262525
4000,1,{(-0.24;-0.64);(-0.26;-0.66)},264444
4000,10,{(-1.72;1.2);(1;-1.2)},960804
4000,10,{(-1.72;1.2);(1;-1.2)},959125
4000,10,{(-1.72;1.2);(1;-1.2)},960781
4000,10,{(-1.72;1.2);(1;-1.2)},959476
4000,10,{(-0.7;0);(0.3;-1)},1278464
4000,10,{(-0.7;0);(0.3;-1)},1277076
4000,10,{(-0.7;0);(0.3;-1)},1276405
4000,10,{(-0.7;0);(0.3;-1)},1278258
4000,10,{(-0.4;-0.5);(0.1;-1)},1295824
4000,10,{(-0.4;-0.5);(0.1;-1)},1292006
4000,10,{(-0.4;-0.5);(0.1;-1)},1296307
4000,10,{(-0.4;-0.5);(0.1;-1)},1297027
4000,10,{(-0.4;-0.6);(-0.2;-0.8)},1332780
4000,10,{(-0.4;-0.6);(-0.2;-0.8)},1334610
4000,10,{(-0.4;-0.6);(-0.2;-0.8)},1335604
4000,10,{(-0.4;-0.6);(-0.2;-0.8)},1333482
4000,10,{(-0.24;-0.64);(-0.26;-0.66)},1381756
4000,10,{(-0.24;-0.64);(-0.26;-0.66)},1376938
4000,10,{(-0.24;-0.64);(-0.26;-0.66)},1374535
4000,10,{(-0.24;-0.64);(-0.26;-0.66)},1377687
4000,30,{(-1.72;1.2);(1;-1.2)},1618641
4000,30,{(-1.72;1.2);(1;-1.2)},1668963
4000,30,{(-1.72;1.2);(1;-1.2)},1621596
4000,30,{(-1.72;1.2);(1;-1.2)},1630653
4000,30,{(-0.7;0);(0.3;-1)},2906934
4000,30,{(-0.7;0);(0.3;-1)},2905093
4000,30,{(-0.7;0);(0.3;-1)},2909334
4000,30,{(-0.7;0);(0.3;-1)},2908378
4000,30,{(-0.4;-0.5);(0.1;-1)},2614642
4000,30,{(-0.4;-0.5);(0.1;-1)},2612824
4000,30,{(-0.4;-0.5);(0.1;-1)},2619577
4000,30,{(-0.4;-0.5);(0.1;-1)},2609432
4000,30,{(-0.4;-0.6);(-0.2;-0.8)},2514618
4000,30,{(-0.4;-0.6);(-0.2;-0.8)},2516810
4000,30,{(-0.4;-0.6);(-0.2;-0.8)},2514182
4000,30,{(-0.4;-0.6);(-0.2;-0.8)},2511318
4000,30,{(-0.24;-0.64);(-0.26;-0.66)},3606056
4000,30,{(-0.24;-0.64);(-0.26;-0.66)},3607017
4000,30,{(-0.24;-0.64);(-0.26;-0.66)},3611011
4000,30,{(-0.24;-0.64);(-0.26;-0.66)},3605363
4000,80,{(-1.72;1.2);(1;-1.2)},3030398
4000,80,{(-1.72;1.2);(1;-1.2)},3013121
4000,80,{(-1.72;1.2);(1;-1.2)},3014343
4000,80,{(-1.72;1.2);(1;-1.2)},3019018
4000,80,{(-0.7;0);(0.3;-1)},6509270
4000,80,{(-0.7;0);(0.3;-1)},6510259
4000,80,{(-0.7;0);(0.3;-1)},6588650
4000,80,{(-0.7;0);(0.3;-1)},6530627
4000,80,{(-0.4;-0.5);(0.1;-1)},5134210
4000,80,{(-0.4;-0.5);(0.1;-1)},5136290
4000,80,{(-0.4;-0.5);(0.1;-1)},5135180
4000,80,{(-0.4;-0.5);(0.1;-1)},5152092
4000,80,{(-0.4;-0.6);(-0.2;-0.8)},4203044
4000,80,{(-0.4;-0.6);(-0.2;-0.8)},4207371
4000,80,{(-0.4;-0.6);(-0.2;-0.8)},4219210
4000,80,{(-0.4;-0.6);(-0.2;-0.8)},4210893
4000,80,{(-0.24;-0.64);(-0.26;-0.66)},6879650
4000,80,{(-0.24;-0.64);(-0.26;-0.66)},6942045
4000,80,{(-0.24;-0.64);(-0.26;-0.66)},6802680
4000,80,{(-0.24;-0.64);(-0.26;-0.66)},6794684
4000,150,{(-1.72;1.2);(1;-1.2)},4907856
4000,150,{(-1.72;1.2);(1;-1.2)},4904405
4000,150,{(-1.72;1.2);(1;-1.2)},4914281
4000,150,{(-1.72;1.2);(1;-1.2)},4905540
4000,150,{(-0.7;0);(0.3;-1)},11454106
4000,150,{(-0.7;0);(0.3;-1)},11516109
4000,150,{(-0.7;0);(0.3;-1)},11495086
4000,150,{(-0.7;0);(0.3;-1)},11492501
4000,150,{(-0.4;-0.5);(0.1;-1)},8466083
4000,150,{(-0.4;-0.5);(0.1;-1)},8432175
4000,150,{(-0.4;-0.5);(0.1;-1)},8489012
4000,150,{(-0.4;-0.5);(0.1;-1)},8473536
4000,150,{(-0.4;-0.6);(-0.2;-0.8)},6106122
4000,150,{(-0.4;-0.6);(-0.2;-0.8)},6094819
4000,150,{(-0.4;-0.6);(-0.2;-0.8)},6099686
4000,150,{(-0.4;-0.6);(-0.2;-0.8)},6082321
4000,150,{(-0.24;-0.64);(-0.26;-0.66)},9595733
4000,150,{(-0.24;-0.64);(-0.26;-0.66)},9587615
4000,150,{(-0.24;-0.64);(-0.26;-0.66)},9584374
4000,150,{(-0.24;-0.64);(-0.26;-0.66)},9596938
4000,250,{(-1.72;1.2);(1;-1.2)},7591698
4000,250,{(-1.72;1.2);(1;-1.2)},7601435
4000,250,{(-1.72;1.2);(1;-1.2)},7608308
4000,250,{(-1.72;1.2);(1;-1.2)},7605108
4000,250,{(-0.7;0);(0.3;-1)},18569518
4000,250,{(-0.7;0);(0.3;-1)},18580904
4000,250,{(-0.7;0);(0.3;-1)},18534736
4000,250,{(-0.7;0);(0.3;-1)},18481868
4000,250,{(-0.4;-0.5);(0.1;-1)},13071797
4000,250,{(-0.4;-0.5);(0.1;-1)},13121056
4000,250,{(-0.4;-0.5);(0.1;-1)},13126634
4000,250,{(-0.4;-0.5);(0.1;-1)},13099520
4000,250,{(-0.4;-0.6);(-0.2;-0.8)},8515706
4000,250,{(-0.4;-0.6);(-0.2;-0.8)},8541466
4000,250,{(-0.4;-0.6);(-0.2;-0.8)},8538952
4000,250,{(-0.4;-0.6);(-0.2;-0.8)},8540246
4000,250,{(-0.24;-0.64);(-0.26;-0.66)},12136885
4000,250,{(-0.24;-0.64);(-0.26;-0.66)},12145919
4000,250,{(-0.24;-0.64);(-0.26;-0.66)},12096652
4000,250,{(-0.24;-0.64);(-0.26;-0.66)},12097417
4000,500,{(-1.72;1.2);(1;-1.2)},14249990
4000,500,{(-1.72;1.2);(1;-1.2)},14231642
4000,500,{(-1.72;1.2);(1;-1.2)},14238022
4000,500,{(-1.72;1.2);(1;-1.2)},14323583
4000,500,{(-0.7;0);(0.3;-1)},36000046
4000,500,{(-0.7;0);(0.3;-1)},36047348
4000,500,{(-0.7;0);(0.3;-1)},36068796
4000,500,{(-0.7;0);(0.3;-1)},36011420
4000,500,{(-0.4;-0.5);(0.1;-1)},24524885
4000,500,{(-0.4;-0.5);(0.1;-1)},24528713
4000,500,{(-0.4;-0.5);(0.1;-1)},24526770
4000,500,{(-0.4;-0.5);(0.1;-1)},24573559
4000,500,{(-0.4;-0.6);(-0.2;-0.8)},14277017
4000,500,{(-0.4;-0.6);(-0.2;-0.8)},14291875
4000,500,{(-0.4;-0.6);(-0.2;-0.8)},14303586
4000,500,{(-0.4;-0.6);(-0.2;-0.8)},14268574
4000,500,{(-0.24;-0.64);(-0.26;-0.66)},16284073
4000,500,{(-0.24;-0.64);(-0.26;-0.66)},16255150
4000,500,{(-0.24;-0.64);(-0.26;-0.66)},16310723
4000,500,{(-0.24;-0.64);(-0.26;-0.66)},16350214
4000,1000,{(-1.72;1.2);(1;-1.2)},27624875
4000,1000,{(-0.7;0);(0.3;-1)},71120688
4000,1000,{(-0.4;-0.5);(0.1;-1)},47428308
4000,1000,{(-0.4;-0.6);(-0.2;-0.8)},25423920
4000,1000,{(-0.24;-0.64);(-0.26;-0.66)},22578537
4000,2000,{(-1.72;1.2);(1;-1.2)},54161908
4000,2000,{(-0.7;0);(0.3;-1)},140817712
4000,2000,{(-0.4;-0.5);(0.1;-1)},92825140
4000,2000,{(-0.4;-0.6);(-0.2;-0.8)},47276829
4000,2000,{(-0.24;-0.64);(-0.26;-0.66)},33888698
4000,8000,{(-1.72;1.2);(1;-1.2)},212998537
4000,8000,{(-0.7;0);(0.3;-1)},559167076
4000,8000,{(-0.4;-0.5);(0.1;-1)},364992822
4000,8000,{(-0.4;-0.6);(-0.2;-0.8)},177288916
4000,8000,{(-0.24;-0.64);(-0.26;-0.66)},99304868
10000,1,{(-1.72;1.2);(1;-1.2)},1772946
10000,1,{(-1.72;1.2);(1;-1.2)},1746200
10000,1,{(-1.72;1.2);(1;-1.2)},1744758
10000,1,{(-1.72;1.2);(1;-1.2)},1746766
10000,1,{(-0.7;0);(0.3;-1)},1743913
10000,1,{(-0.7;0);(0.3;-1)},1744422
10000,1,{(-0.7;0);(0.3;-1)},1743113
10000,1,{(-0.7;0);(0.3;-1)},1747321
10000,1,{(-0.4;-0.5);(0.1;-1)},1760029
10000,1,{(-0.4;-0.5);(0.1;-1)},1757300
10000,1,{(-0.4;-0.5);(0.1;-1)},1760107
10000,1,{(-0.4;-0.5);(0.1;-1)},1756517
10000,1,{(-0.4;-0.6);(-0.2;-0.8)},1762633
10000,1,{(-0.4;-0.6);(-0.2;-0.8)},1761162
10000,1,{(-0.4;-0.6);(-0.2;-0.8)},1756232
10000,1,{(-0.4;-0.6);(-0.2;-0.8)},1757461
10000,1,{(-0.24;-0.64);(-0.26;-0.66)},1759759
10000,1,{(-0.24;-0.64);(-0.26;-0.66)},1757100
10000,1,{(-0.24;-0.64);(-0.26;-0.66)},1756426
10000,1,{(-0.24;-0.64);(-0.26;-0.66)},1760310
10000,10,{(-1.72;1.2);(1;-1.2)},6061035
10000,10,{(-1.72;1.2);(1;-1.2)},6054060
10000,10,{(-1.72;1.2);(1;-1.2)},6034401
10000,10,{(-1.72;1.2);(1;-1.2)},6100012
10000,10,{(-0.7;0);(0.3;-1)},8078358
10000,10,{(-0.7;0);(0.3;-1)},8083937
10000,10,{(-0.7;0);(0.3;-1)},8074435
10000,10,{(-0.7;0);(0.3;-1)},8061176
10000,10,{(-0.4;-0.5);(0.1;-1)},8139827
10000,10,{(-0.4;-0.5);(0.1;-1)},8139036
10000,10,{(-0.4;-0.5);(0.1;-1)},8152272
10000,10,{(-0.4;-0.5);(0.1;-1)},8169369
10000,10,{(-0.4;-0.6);(-0.2;-0.8)},8498857
10000,10,{(-0.4;-0.6);(-0.2;-0.8)},8441322
10000,10,{(-0.4;-0.6);(-0.2;-0.8)},8435454
10000,10,{(-0.4;-0.6);(-0.2;-0.8)},8440512
10000,10,{(-0.24;-0.64);(-0.26;-0.66)},8765620
10000,10,{(-0.24;-0.64);(-0.26;-0.66)},8706866
10000,10,{(-0.24;-0.64);(-0.26;-0.66)},8703689
10000,10,{(-0.24;-0.64);(-0.26;-0.66)},8687304
10000,30,{(-1.72;1.2);(1;-1.2)},10161212
10000,30,{(-1.72;1.2);(1;-1.2)},10155490
10000,30,{(-1.72;1.2);(1;-1.2)},10154526
10000,30,{(-1.72;1.2);(1;-1.2)},10152625
10000,30,{(-0.7;0);(0.3;-1)},18183519
10000,30,{(-0.7;0);(0.3;-1)},18231132
10000,30,{(-0.7;0);(0.3;-1)},18243008
10000,30,{(-0.7;0);(0.3;-1)},18298300
10000,30,{(-0.4;-0.5);(0.1;-1)},16381253
10000,30,{(-0.4;-0.5);(0.1;-1)},16377378
10000,30,{(-0.4;-0.5);(0.1;-1)},16343036
10000,30,{(-0.4;-0.5);(0.1;-1)},16370116
10000,30,{(-0.4;-0.6);(-0.2;-0.8)},15753860
10000,30,{(-0.4;-0.6);(-0.2;-0.8)},15785281
10000,30,{(-0.4;-0.6);(-0.2;-0.8)},15850213
10000,30,{(-0.4;-0.6);(-0.2;-0.8)},15791422
10000,30,{(-0.24;-0.64);(-0.26;-0.66)},22631461
10000,30,{(-0.24;-0.64);(-0.26;-0.66)},22655415
10000,30,{(-0.24;-0.64);(-0.26;-0.66)},22669502
10000,30,{(-0.24;-0.64);(-0.26;-0.66)},22641916
10000,80,{(-1.72;1.2);(1;-1.2)},18876728
10000,80,{(-1.72;1.2);(1;-1.2)},18917068
10000,80,{(-1.72;1.2);(1;-1.2)},18940680
10000,80,{(-1.72;1.2);(1;-1.2)},18944904
10000,80,{(-0.7;0);(0.3;-1)},40877559
10000,80,{(-0.7;0);(0.3;-1)},40974416
10000,80,{(-0.7;0);(0.3;-1)},40881922
10000,80,{(-0.7;0);(0.3;-1)},40886209
10000,80,{(-0.4;-0.5);(0.1;-1)},32286290
10000,80,{(-0.4;-0.5);(0.1;-1)},32096016
10000,80,{(-0.4;-0.5);(0.1;-1)},32104310
10000,80,{(-0.4;-0.5);(0.1;-1)},32137411
10000,80,{(-0.4;-0.6);(-0.2;-0.8)},26419436
10000,80,{(-0.4;-0.6);(-0.2;-0.8)},26316677
10000,80,{(-0.4;-0.6);(-0.2;-0.8)},26294898
10000,80,{(-0.4;-0.6);(-0.2;-0.8)},26286018
10000,80,{(-0.24;-0.64);(-0.26;-0.66)},42808260
10000,80,{(-0.24;-0.64);(-0.26;-0.66)},42646030
10000,80,{(-0.24;-0.64);(-0.26;-0.66)},42645872
10000,80,{(-0.24;-0.64);(-0.26;-0.66)},42759422
10000,150,{(-1.72;1.2);(1;-1.2)},30832570
10000,150,{(-1.72;1.2);(1;-1.2)},30811171
10000,150,{(-1.72;1.2);(1;-1.2)},30846093
10000,150,{(-1.72;1.2);(1;-1.2)},30793660
10000,150,{(-0.7;0);(0.3;-1)},71825814
10000,150,{(-0.7;0);(0.3;-1)},71826391
10000,150,{(-0.7;0);(0.3;-1)},71938704
10000,150,{(-0.7;0);(0.3;-1)},71785887
10000,150,{(-0.4;-0.5);(0.1;-1)},52954554
10000,150,{(-0.4;-0.5);(0.1;-1)},52996832
10000,150,{(-0.4;-0.5);(0.1;-1)},52803595
10000,150,{(-0.4;-0.5);(0.1;-1)},52971689
10000,150,{(-0.4;-0.6);(-0.2;-0.8)},38027378
10000,150,{(-0.4;-0.6);(-0.2;-0.8)},38157531
10000,150,{(-0.4;-0.6);(-0.2;-0.8)},38139649
10000,150,{(-0.4;-0.6);(-0.2;-0.8)},38159029
10000,150,{(-0.24;-0.64);(-0.26;-0.66)},59974181
10000,150,{(-0.24;-0.64);(-0.26;-0.66)},60058703
10000,150,{(-0.24;-0.64);(-0.26;-0.66)},60067322
10000,150,{(-0.24;-0.64);(-0.26;-0.66)},60065272
10000,250,{(-1.72;1.2);(1;-1.2)},47655447
10000,250,{(-1.72;1.2);(1;-1.2)},47558973
10000,250,{(-1.72;1.2);(1;-1.2)},47625974
10000,250,{(-1.72;1.2);(1;-1.2)},47601843
10000,250,{(-0.7;0);(0.3;-1)},115856949
10000,250,{(-0.7;0);(0.3;-1)},115914332
10000,250,{(-0.7;0);(0.3;-1)},115979992
10000,250,{(-0.7;0);(0.3;-1)},116012612
10000,250,{(-0.4;-0.5);(0.1;-1)},82024104
10000,250,{(-0.4;-0.5);(0.1;-1)},82036213
10000,250,{(-0.4;-0.5);(0.1;-1)},82061242
10000,250,{(-0.4;-0.5);(0.1;-1)},81889562
10000,250,{(-0.4;-0.6);(-0.2;-0.8)},53321624
10000,250,{(-0.4;-0.6);(-0.2;-0.8)},53380192
10000,250,{(-0.4;-0.6);(-0.2;-0.8)},53476411
10000,250,{(-0.4;-0.6);(-0.2;-0.8)},53304101
10000,250,{(-0.24;-0.64);(-0.26;-0.66)},76029135
10000,250,{(-0.24;-0.64);(-0.26;-0.66)},75996651
10000,250,{(-0.24;-0.64);(-0.26;-0.66)},75875541
10000,250,{(-0.24;-0.64);(-0.26;-0.66)},75892983
10000,500,{(-1.72;1.2);(1;-1.2)},89304727
10000,500,{(-1.72;1.2);(1;-1.2)},89286246
10000,500,{(-1.72;1.2);(1;-1.2)},89358889
10000,500,{(-1.72;1.2);(1;-1.2)},89341508
10000,500,{(-0.7;0);(0.3;-1)},225207472
10000,500,{(-0.7;0);(0.3;-1)},225545043
10000,500,{(-0.7;0);(0.3;-1)},225656320
10000,500,{(-0.7;0);(0.3;-1)},225637954
10000,500,{(-0.4;-0.5);(0.1;-1)},153750532
10000,500,{(-0.4;-0.5);(0.1;-1)},153850284
10000,500,{(-0.4;-0.5);(0.1;-1)},153835764
10000,500,{(-0.4;-0.5);(0.1;-1)},153863904
10000,500,{(-0.4;-0.6);(-0.2;-0.8)},89467291
10000,500,{(-0.4;-0.6);(-0.2;-0.8)},89369141
10000,500,{(-0.4;-0.6);(-0.2;-0.8)},89328492
10000,500,{(-0.4;-0.6);(-0.2;-0.8)},89357820
10000,500,{(-0.24;-0.64);(-0.26;-0.66)},101742615
10000,500,{(-0.24;-0.64);(-0.26;-0.66)},101866445
10000,500,{(-0.24;-0.64);(-0.26;-0.66)},102094376
10000,500,{(-0.24;-0.64);(-0.26;-0.66)},101856955
10000,1000,{(-1.72;1.2);(1;-1.2)},172545629
10000,1000,{(-0.7;0);(0.3;-1)},443766335
10000,1000,{(-0.4;-0.5);(0.1;-1)},295995598
10000,1000,{(-0.4;-0.6);(-0.2;-0.8)},158969547
10000,1000,{(-0.24;-0.64);(-0.26;-0.66)},141079196
10000,2000,{(-1.72;1.2);(1;-1.2)},338261382
10000,2000,{(-0.7;0);(0.3;-1)},880251269
10000,2000,{(-0.4;-0.5);(0.1;-1)},580211556
10000,2000,{(-0.4;-0.6);(-0.2;-0.8)},295177231
10000,2000,{(-0.24;-0.64);(-0.26;-0.66)},212017399
10000,8000,{(-1.72;1.2);(1;-1.2)},1332195085
10000,8000,{(-0.7;0);(0.3;-1)},3496167951
10000,8000,{(-0.4;-0.5);(0.1;-1)},2279180242
10000,8000,{(-0.4;-0.6);(-0.2;-0.8)},1106465223
10000,8000,{(-0.24;-0.64);(-0.26;-0.66)},621524623
